{
	"credit": "Made with Blockbench",
	"textures": {
		"0": "custom/sockel",
		"1": "custom/rohr",
		"2": "custom/linse",
		"particle": "custom/sockel"
	},
	"elements": [
		{
			"from": [6, 3, 5.25],
			"to": [7.5, 9, 6.75],
			"faces": {
				"north": {"uv": [0, 0, 2, 8], "texture": "#1"},
				"east": {"uv": [0, 0, 2, 8], "texture": "#1"},
				"south": {"uv": [0, 0, 2, 8], "texture": "#1"},
				"west": {"uv": [0, 8, 2, 1], "texture": "#1"},
				"up": {"uv": [0, 0, 1, 1], "texture": "#1"},
				"down": {"uv": [0, 0, 1, 1], "texture": "#1"}
			}
		},
		{
			"from": [4, 3, 3],
			"to": [10, 3.4, 9],
			"faces": {
				"north": {"uv": [6, 0, 12, 1], "texture": "#0"},
				"east": {"uv": [6, 1, 12, 2], "texture": "#0"},
				"south": {"uv": [6, 2, 12, 3], "texture": "#0"},
				"west": {"uv": [6, 3, 12, 4], "texture": "#0"},
				"up": {"uv": [6, 6, 0, 0], "texture": "#0"},
				"down": {"uv": [6, 6, 0, 12], "texture": "#0"}
			}
		},
		{
			"from": [5, 8, 6.5],
			"to": [6, 7, 5.5],
			"faces": {
				"north": {"uv": [0, 0, 3, 1], "texture": "#1"},
				"east": {"uv": [3, 6, 4, 7], "texture": "#2"},
				"south": {"uv": [0, 1, 3, 2], "texture": "#1"},
				"west": {"uv": [6, 3, 7, 4], "texture": "#2"},
				"up": {"uv": [3, 3, 0, 2], "texture": "#1"},
				"down": {"uv": [3, 1, 0, 2], "texture": "#1"}
			}
		},
		{
			"from": [4, 8, 6.5],
			"to": [5, 7, 5.5],
			"faces": {
				"north": {"uv": [1, 1, 4, 2], "texture": "#1"},
				"east": {"uv": [4, 6, 5, 7], "texture": "#2"},
				"south": {"uv": [1, 0, 4, 1], "texture": "#1"},
				"west": {"uv": [6, 4, 7, 5], "texture": "#2"},
				"up": {"uv": [3, 3, 0, 2], "texture": "#1"},
				"down": {"uv": [3, 3, 0, 4], "texture": "#1"}
			}
		},
		{
			"from": [3, 8, 6.5],
			"to": [4, 7, 5.5],
			"faces": {
				"north": {"uv": [0, 2, 3, 3], "texture": "#1"},
				"east": {"uv": [5, 6, 6, 7], "texture": "#2"},
				"south": {"uv": [1, 4, 4, 3], "texture": "#1"},
				"west": {"uv": [0, 3, 1, 4], "texture": "#1"},
				"up": {"uv": [4, 1, 1, 0], "texture": "#1"},
				"down": {"uv": [4, 1, 1, 2], "texture": "#1"}
			}
		},
		{
			"from": [2.53569, 7.58396, 1.58977],
			"to": [4.53569, 7.88396, 9.58977],
			"rotation": {"angle": 22.5, "axis": "x", "origin": [3.37736, 8.74438, 2.76894]},
			"faces": {
				"north": {"uv": [0, 0, 0.3, 2], "rotation": 90, "texture": "#1"},
				"east": {"uv": [0, 0, 0.3, 8], "rotation": 90, "texture": "#1"},
				"south": {"uv": [0, 0, 0.3, 2], "rotation": 90, "texture": "#1"},
				"west": {"uv": [0, 0, 0.3, 8], "rotation": 270, "texture": "#1"},
				"up": {"uv": [0, 0, 2, 8], "texture": "#1"},
				"down": {"uv": [0, 0, 2, 8], "rotation": 180, "texture": "#1"}
			}
		},
		{
			"from": [4.53569, 7.88396, 1.58977],
			"to": [4.83569, 9.63396, 9.58977],
			"rotation": {"angle": 22.5, "axis": "x", "origin": [3.37736, 8.74438, 2.76894]},
			"faces": {
				"north": {"uv": [0, 0, 0.3, 1.75], "rotation": 180, "texture": "#1"},
				"east": {"uv": [0, 0, 1.75, 8], "rotation": 90, "texture": "#1"},
				"south": {"uv": [0, 0, 0.3, 1.75], "texture": "#1"},
				"west": {"uv": [0, 0, 1.75, 8], "rotation": 270, "texture": "#1"},
				"up": {"uv": [0, 0, 0.3, 8], "texture": "#1"},
				"down": {"uv": [0, 0, 0.3, 8], "rotation": 180, "texture": "#1"}
			}
		},
		{
			"from": [2.53569, 9.58396, 1.58977],
			"to": [4.53569, 9.88396, 9.58977],
			"rotation": {"angle": 22.5, "axis": "x", "origin": [3.37736, 8.74438, 2.76894]},
			"faces": {
				"north": {"uv": [0, 0, 0.3, 2], "rotation": 90, "texture": "#1"},
				"east": {"uv": [0, 0, 0.3, 8], "rotation": 90, "texture": "#1"},
				"south": {"uv": [0, 0, 0.3, 2], "rotation": 90, "texture": "#1"},
				"west": {"uv": [0, 0, 0.3, 8], "rotation": 270, "texture": "#1"},
				"up": {"uv": [0, 0, 2, 8], "texture": "#1"},
				"down": {"uv": [0, 0, 2, 8], "rotation": 180, "texture": "#1"}
			}
		},
		{
			"from": [3.43569, 9.58396, 1.28977],
			"to": [3.73569, 9.88396, 1.58977],
			"rotation": {"angle": 22.5, "axis": "x", "origin": [3.37736, 8.74438, 2.76894]},
			"faces": {
				"north": {"uv": [0, 0, 0.3, 0.3], "rotation": 90, "texture": "#1"},
				"east": {"uv": [0, 0, 0.3, 0.3], "rotation": 90, "texture": "#1"},
				"south": {"uv": [0, 0, 0.3, 0.3], "rotation": 90, "texture": "#1"},
				"west": {"uv": [0, 0, 0.3, 0.3], "rotation": 270, "texture": "#1"},
				"up": {"uv": [0, 0, 0.3, 0.3], "texture": "#1"},
				"down": {"uv": [0, 0, 0.3, 0.3], "rotation": 180, "texture": "#1"}
			}
		},
		{
			"from": [3.13569, 9.58396, 0.98977],
			"to": [3.43569, 9.88396, 1.58977],
			"rotation": {"angle": 22.5, "axis": "x", "origin": [3.37736, 8.74438, 2.76894]},
			"faces": {
				"north": {"uv": [0, 0, 0.3, 0.3], "rotation": 90, "texture": "#1"},
				"east": {"uv": [0, 0, 0.3, 0.6], "rotation": 90, "texture": "#1"},
				"south": {"uv": [0, 0, 0.3, 0.3], "rotation": 90, "texture": "#1"},
				"west": {"uv": [0, 0, 0.3, 0.6], "rotation": 270, "texture": "#1"},
				"up": {"uv": [0, 0, 0.3, 0.6], "texture": "#1"},
				"down": {"uv": [0, 0, 0.3, 0.6], "rotation": 180, "texture": "#1"}
			}
		},
		{
			"from": [2.83569, 9.58396, 0.78977],
			"to": [3.13569, 9.88396, 1.58977],
			"rotation": {"angle": 22.5, "axis": "x", "origin": [3.37736, 8.74438, 2.76894]},
			"faces": {
				"north": {"uv": [0, 0, 0.3, 0.3], "rotation": 90, "texture": "#1"},
				"east": {"uv": [0, 0, 0.3, 0.8], "rotation": 90, "texture": "#1"},
				"south": {"uv": [0, 0, 0.3, 0.3], "rotation": 90, "texture": "#1"},
				"west": {"uv": [0, 0, 0.3, 0.8], "rotation": 270, "texture": "#1"},
				"up": {"uv": [0, 0, 0.3, 0.8], "texture": "#1"},
				"down": {"uv": [0, 0, 0.3, 0.8], "rotation": 180, "texture": "#1"}
			}
		},
		{
			"from": [2.53569, 7.58396, 0.58977],
			"to": [2.83569, 9.88396, 1.58977],
			"rotation": {"angle": 22.5, "axis": "x", "origin": [3.37736, 8.74438, 2.76894]},
			"faces": {
				"north": {"uv": [0, 0, 2.3, 0.3], "rotation": 90, "texture": "#1"},
				"east": {"uv": [0, 0, 2.3, 1], "rotation": 90, "texture": "#1"},
				"south": {"uv": [0, 0, 2.3, 0.3], "rotation": 90, "texture": "#1"},
				"west": {"uv": [0, 0, 2.3, 1], "rotation": 270, "texture": "#1"},
				"up": {"uv": [0, 0, 0.3, 1], "texture": "#1"},
				"down": {"uv": [0, 0, 0.3, 1], "rotation": 180, "texture": "#1"}
			}
		},
		{
			"from": [2.83569, 7.58396, 0.78977],
			"to": [3.13569, 7.88396, 1.58977],
			"rotation": {"angle": 22.5, "axis": "x", "origin": [3.37736, 8.74438, 2.76894]},
			"faces": {
				"north": {"uv": [0, 0, 0.3, 0.3], "rotation": 90, "texture": "#1"},
				"east": {"uv": [0, 0, 0.3, 0.8], "rotation": 90, "texture": "#1"},
				"south": {"uv": [0, 0, 0.3, 0.3], "rotation": 90, "texture": "#1"},
				"west": {"uv": [0, 0, 0.3, 0.8], "rotation": 270, "texture": "#1"},
				"up": {"uv": [0, 0, 0.3, 0.8], "texture": "#1"},
				"down": {"uv": [0, 0, 0.3, 0.8], "rotation": 180, "texture": "#1"}
			}
		},
		{
			"from": [3.13569, 7.58396, 0.98977],
			"to": [3.43569, 7.88396, 1.58977],
			"rotation": {"angle": 22.5, "axis": "x", "origin": [3.37736, 8.74438, 2.76894]},
			"faces": {
				"north": {"uv": [0, 0, 0.3, 0.3], "rotation": 90, "texture": "#1"},
				"east": {"uv": [0, 0, 0.3, 0.6], "rotation": 90, "texture": "#1"},
				"south": {"uv": [0, 0, 0.3, 0.3], "rotation": 90, "texture": "#1"},
				"west": {"uv": [0, 0, 0.3, 0.6], "rotation": 270, "texture": "#1"},
				"up": {"uv": [0, 0, 0.3, 0.6], "texture": "#1"},
				"down": {"uv": [0, 0, 0.3, 0.6], "rotation": 180, "texture": "#1"}
			}
		},
		{
			"from": [3.43569, 7.58396, 1.28977],
			"to": [3.73569, 7.88396, 1.58977],
			"rotation": {"angle": 22.5, "axis": "x", "origin": [3.37736, 8.74438, 2.76894]},
			"faces": {
				"north": {"uv": [0, 0, 0.3, 0.3], "rotation": 90, "texture": "#1"},
				"east": {"uv": [0, 0, 0.3, 0.3], "rotation": 90, "texture": "#1"},
				"south": {"uv": [0, 0, 0.3, 0.3], "rotation": 90, "texture": "#1"},
				"west": {"uv": [0, 0, 0.3, 0.3], "rotation": 270, "texture": "#1"},
				"up": {"uv": [0, 0, 0.3, 0.3], "texture": "#1"},
				"down": {"uv": [0, 0, 0.3, 0.3], "rotation": 180, "texture": "#1"}
			}
		},
		{
			"from": [2.83569, 7.68396, 1.78977],
			"to": [4.53569, 9.68396, 2.08977],
			"rotation": {"angle": 22.5, "axis": "x", "origin": [3.37736, 8.74438, 2.76894]},
			"faces": {
				"north": {"uv": [0, 0, 16, 15.9203], "texture": "#2"},
				"east": {"uv": [0, 0, 0.3, 1], "texture": "#1"},
				"south": {"uv": [0, 0, 1, 1], "texture": "#1"},
				"west": {"uv": [0, 0, 0.3, 1], "texture": "#1"},
				"up": {"uv": [0, 0, 0.3, 1], "rotation": 90, "texture": "#1"},
				"down": {"uv": [0, 0, 0.3, 1], "rotation": 270, "texture": "#missing"}
			}
		},
		{
			"from": [2.53569, 7.88396, 1.58977],
			"to": [2.83569, 9.88396, 9.58977],
			"rotation": {"angle": 22.5, "axis": "x", "origin": [3.37736, 8.74438, 2.76894]},
			"faces": {
				"north": {"uv": [0, 0, 0.3, 2], "rotation": 180, "texture": "#1"},
				"east": {"uv": [0, 0, 2, 8], "rotation": 90, "texture": "#1"},
				"south": {"uv": [0, 0, 0.3, 2], "texture": "#1"},
				"west": {"uv": [0, 0, 2, 8], "rotation": 270, "texture": "#1"},
				"up": {"uv": [0, 0, 0.3, 8], "texture": "#1"},
				"down": {"uv": [0, 0, 0.3, 8], "rotation": 180, "texture": "#1"}
			}
		}
	],
	"display": {
		"thirdperson_righthand": {
			"rotation": [86, 109, -85],
			"translation": [-3, -5.25, 19]
		},
		"head": {
			"rotation": [-101.5, 87, 14],
			"translation": [6.25, 9, 6.5],
			"scale": [1.5, 1.5, 1.5]
		}
	},
	"groups": [
		{
			"name": "rohr",
			"origin": [0, 0, 0],
			"color": 0,
			"children": []
		},
		0,
		{
			"name": "sockel",
			"origin": [0, 0, 0],
			"color": 0,
			"children": [1]
		},
		{
			"name": "gelenk",
			"origin": [8, 8, 8],
			"color": 0,
			"children": []
		},
		2,
		3,
		4,
		{
			"name": "kamera",
			"origin": [8, 8, 8],
			"color": 0,
			"children": []
		},
		{
			"name": "group",
			"origin": [0, 0, 0],
			"color": 0,
			"children": [
				{
					"name": "cam",
					"origin": [0, 0, 0],
					"color": 0,
					"children": [5, 6, 7, 8, 9, 10, 11, 12, 13, 14, 15, 16]
				}
			]
		}
	]
}