{
	"credit": "Made with Blockbench",
	"texture_size": [32, 32],
	"textures": {
		"0": "custom/keys",
		"1": "custom/wood",
		"2": "custom/keyboard",
		"particle": "custom/keys"
	},
	"elements": [
		{
			"from": [6, 0, 7],
			"to": [9, 1, 8],
			"rotation": {"angle": 0, "axis": "y", "origin": [-2, 0, 2]},
			"faces": {
				"north": {"uv": [0, 0, 1.5, 0.5], "texture": "#1"},
				"east": {"uv": [0, 0, 0.5, 0.5], "texture": "#1"},
				"south": {"uv": [0, 0, 1.5, 0.5], "texture": "#1"},
				"west": {"uv": [0, 0, 0.5, 0.5], "texture": "#1"},
				"up": {"uv": [0, 0, 1.5, 0.5], "texture": "#1"},
				"down": {"uv": [0, 0, 1.5, 0.5], "texture": "#1"}
			}
		},
		{
			"from": [7, 0, 6],
			"to": [10, 1, 7],
			"rotation": {"angle": 0, "axis": "y", "origin": [-2, 0, 2]},
			"faces": {
				"north": {"uv": [0, 0, 1.5, 0.5], "texture": "#1"},
				"east": {"uv": [0, 0, 0.5, 0.5], "texture": "#1"},
				"south": {"uv": [0, 0, 1.5, 0.5], "texture": "#1"},
				"west": {"uv": [0, 0, 0.5, 0.5], "texture": "#1"},
				"up": {"uv": [0, 0.5, 1.5, 1], "texture": "#1"},
				"down": {"uv": [0, 0, 1.5, 0.5], "texture": "#1"}
			}
		},
		{
			"from": [5, 0, 9],
			"to": [7, 1, 10],
			"rotation": {"angle": 0, "axis": "y", "origin": [-2, 0, 2]},
			"faces": {
				"north": {"uv": [0, 0, 1, 0.5], "texture": "#1"},
				"east": {"uv": [0, 0, 0.5, 0.5], "texture": "#1"},
				"south": {"uv": [0, 0, 1, 0.5], "texture": "#1"},
				"west": {"uv": [0, 0, 0.5, 0.5], "texture": "#1"},
				"up": {"uv": [0, 0, 1, 0.5], "texture": "#1"},
				"down": {"uv": [0, 0, 1, 0.5], "texture": "#1"}
			}
		},
		{
			"from": [5, 0, 8],
			"to": [8, 1, 9],
			"rotation": {"angle": 0, "axis": "y", "origin": [-2, 0, 2]},
			"faces": {
				"north": {"uv": [0, 0, 1.5, 0.5], "texture": "#1"},
				"east": {"uv": [0, 0, 0.5, 0.5], "texture": "#1"},
				"south": {"uv": [0, 0, 1.5, 0.5], "texture": "#1"},
				"west": {"uv": [0, 0, 0.5, 0.5], "texture": "#1"},
				"up": {"uv": [0, 0, 1.5, 0.5], "texture": "#1"},
				"down": {"uv": [0, 0, 1.5, 0.5], "texture": "#1"}
			}
		},
		{
			"from": [10, 0, 3],
			"to": [13, 1, 4],
			"rotation": {"angle": 0, "axis": "y", "origin": [-2, 0, 2]},
			"faces": {
				"north": {"uv": [0, 0, 1.5, 0.5], "texture": "#1"},
				"east": {"uv": [0, 0, 0.5, 0.5], "texture": "#1"},
				"south": {"uv": [0, 0.5, 1.5, 1], "texture": "#1"},
				"west": {"uv": [0, 0, 0.5, 0.5], "texture": "#1"},
				"up": {"uv": [0, 0.5, 1.5, 1], "texture": "#1"},
				"down": {"uv": [0, 0, 1.5, 0.5], "texture": "#1"}
			}
		},
		{
			"from": [11, 0, 2],
			"to": [14, 1, 3],
			"rotation": {"angle": 0, "axis": "y", "origin": [-2, 0, 2]},
			"faces": {
				"north": {"uv": [0, 0, 1.5, 0.5], "texture": "#1"},
				"east": {"uv": [0, 0, 0.5, 0.5], "texture": "#1"},
				"south": {"uv": [0, 0, 1.5, 0.5], "texture": "#1"},
				"west": {"uv": [0, 0, 0.5, 0.5], "texture": "#1"},
				"up": {"uv": [0, 0, 1.5, 0.5], "texture": "#1"},
				"down": {"uv": [0, 0, 1.5, 0.5], "texture": "#1"}
			}
		},
		{
			"from": [12, 0, 1],
			"to": [14, 1, 2],
			"rotation": {"angle": 0, "axis": "y", "origin": [-2, 0, 2]},
			"faces": {
				"north": {"uv": [0, 0, 1, 0.5], "texture": "#1"},
				"east": {"uv": [0, 0, 0.5, 0.5], "texture": "#1"},
				"south": {"uv": [0, 0, 1, 0.5], "texture": "#1"},
				"west": {"uv": [0, 0, 0.5, 0.5], "texture": "#1"},
				"up": {"uv": [0, 0, 1, 0.5], "texture": "#1"},
				"down": {"uv": [0, 0, 1, 0.5], "texture": "#1"}
			}
		},
		{
			"from": [8, 0, 5],
			"to": [11, 1, 6],
			"rotation": {"angle": 0, "axis": "y", "origin": [-2, 0, 2]},
			"faces": {
				"north": {"uv": [0, 0, 1.5, 0.5], "texture": "#1"},
				"east": {"uv": [0, 0, 0.5, 0.5], "texture": "#1"},
				"south": {"uv": [0, 0, 1.5, 0.5], "texture": "#1"},
				"west": {"uv": [0, 0, 0.5, 0.5], "texture": "#1"},
				"up": {"uv": [0, 0, 1.5, 0.5], "texture": "#1"},
				"down": {"uv": [0, 0, 1.5, 0.5], "texture": "#1"}
			}
		},
		{
			"from": [1, 0, 13],
			"to": [2, 1, 14],
			"rotation": {"angle": 0, "axis": "y", "origin": [-2, 0, 2]},
			"faces": {
				"north": {"uv": [0, 0, 0.5, 0.5], "texture": "#1"},
				"east": {"uv": [0, 0, 0.5, 0.5], "texture": "#1"},
				"south": {"uv": [0, 0, 0.5, 0.5], "texture": "#1"},
				"west": {"uv": [0, 0, 0.5, 0.5], "texture": "#1"},
				"up": {"uv": [0.5, 0.5, 1, 1], "texture": "#1"},
				"down": {"uv": [0, 0, 0.5, 0.5], "texture": "#1"}
			}
		},
		{
			"from": [9, 0, 4],
			"to": [12, 1, 5],
			"rotation": {"angle": 0, "axis": "y", "origin": [-2, 0, 2]},
			"faces": {
				"north": {"uv": [0, 0, 1.5, 0.5], "texture": "#1"},
				"east": {"uv": [0, 0, 0.5, 0.5], "texture": "#1"},
				"south": {"uv": [0, 0, 1.5, 0.5], "texture": "#1"},
				"west": {"uv": [0, 0, 0.5, 0.5], "texture": "#1"},
				"up": {"uv": [0, 0, 1.5, 0.5], "texture": "#1"},
				"down": {"uv": [0, 0, 1.5, 0.5], "texture": "#1"}
			}
		},
		{
			"from": [3.21267, 1, 14.00434],
			"to": [4.21267, 1.25, 14.50434],
			"rotation": {"angle": -45, "axis": "y", "origin": [6.00434, 1.125, 14.00434]},
			"faces": {
				"north": {"uv": [1.5, 0, 2, 0.25], "texture": "#0"},
				"east": {"uv": [2.5, 0.5, 2.75, 0.75], "texture": "#0"},
				"south": {"uv": [1.5, 0.5, 2, 0.75], "texture": "#0"},
				"west": {"uv": [1, 2.5, 1.25, 2.75], "texture": "#0"},
				"up": {"uv": [2, 1.25, 1.5, 1], "texture": "#0"},
				"down": {"uv": [2, 1.5, 1.5, 1.75], "texture": "#0"}
			}
		},
		{
			"from": [4.46267, 1, 14.00434],
			"to": [4.96267, 1.25, 14.50434],
			"rotation": {"angle": -45, "axis": "y", "origin": [6.00434, 1.125, 14.00434]},
			"faces": {
				"north": {"uv": [2.5, 1, 2.75, 1.25], "texture": "#0"},
				"east": {"uv": [1.5, 2.5, 1.75, 2.75], "texture": "#0"},
				"south": {"uv": [2.5, 1.5, 2.75, 1.75], "texture": "#0"},
				"west": {"uv": [2, 2.5, 2.25, 2.75], "texture": "#0"},
				"up": {"uv": [2.75, 2.25, 2.5, 2], "texture": "#0"},
				"down": {"uv": [2.75, 2.5, 2.5, 2.75], "texture": "#0"}
			}
		},
		{
			"from": [5.21267, 1, 14.00434],
			"to": [5.71267, 1.25, 14.50434],
			"rotation": {"angle": -45, "axis": "y", "origin": [6.00434, 1.125, 14.00434]},
			"faces": {
				"north": {"uv": [0, 3, 0.25, 3.25], "texture": "#0"},
				"east": {"uv": [3, 0, 3.25, 0.25], "texture": "#0"},
				"south": {"uv": [0.5, 3, 0.75, 3.25], "texture": "#0"},
				"west": {"uv": [3, 0.5, 3.25, 0.75], "texture": "#0"},
				"up": {"uv": [1.25, 3.25, 1, 3], "texture": "#0"},
				"down": {"uv": [3.25, 1, 3, 1.25], "texture": "#0"}
			}
		},
		{
			"from": [5.96267, 1, 14.00434],
			"to": [6.46267, 1.25, 14.50434],
			"rotation": {"angle": -45, "axis": "y", "origin": [6.00434, 1.125, 14.00434]},
			"faces": {
				"north": {"uv": [1.5, 3, 1.75, 3.25], "texture": "#0"},
				"east": {"uv": [3, 1.5, 3.25, 1.75], "texture": "#0"},
				"south": {"uv": [2, 3, 2.25, 3.25], "texture": "#0"},
				"west": {"uv": [3, 2, 3.25, 2.25], "texture": "#0"},
				"up": {"uv": [2.75, 3.25, 2.5, 3], "texture": "#0"},
				"down": {"uv": [3.25, 2.5, 3, 2.75], "texture": "#0"}
			}
		},
		{
			"from": [6.71267, 1, 14.00434],
			"to": [7.21267, 1.25, 14.50434],
			"rotation": {"angle": -45, "axis": "y", "origin": [6.00434, 1.125, 14.00434]},
			"faces": {
				"north": {"uv": [3, 3, 3.25, 3.25], "texture": "#0"},
				"east": {"uv": [0, 3.5, 0.25, 3.75], "texture": "#0"},
				"south": {"uv": [3.5, 0, 3.75, 0.25], "texture": "#0"},
				"west": {"uv": [0.5, 3.5, 0.75, 3.75], "texture": "#0"},
				"up": {"uv": [3.75, 0.75, 3.5, 0.5], "texture": "#0"},
				"down": {"uv": [1.25, 3.5, 1, 3.75], "texture": "#0"}
			}
		},
		{
			"from": [7.46267, 1, 14.00434],
			"to": [7.96267, 1.25, 14.50434],
			"rotation": {"angle": -45, "axis": "y", "origin": [6.00434, 1.125, 14.00434]},
			"faces": {
				"north": {"uv": [3.5, 1, 3.75, 1.25], "texture": "#0"},
				"east": {"uv": [1.5, 3.5, 1.75, 3.75], "texture": "#0"},
				"south": {"uv": [3.5, 1.5, 3.75, 1.75], "texture": "#0"},
				"west": {"uv": [2, 3.5, 2.25, 3.75], "texture": "#0"},
				"up": {"uv": [3.75, 2.25, 3.5, 2], "texture": "#0"},
				"down": {"uv": [2.75, 3.5, 2.5, 3.75], "texture": "#0"}
			}
		},
		{
			"from": [8.21267, 1, 14.00434],
			"to": [8.71267, 1.25, 14.50434],
			"rotation": {"angle": -45, "axis": "y", "origin": [6.00434, 1.125, 14.00434]},
			"faces": {
				"north": {"uv": [3.5, 2.5, 3.75, 2.75], "texture": "#0"},
				"east": {"uv": [3, 3.5, 3.25, 3.75], "texture": "#0"},
				"south": {"uv": [3.5, 3, 3.75, 3.25], "texture": "#0"},
				"west": {"uv": [3.5, 3.5, 3.75, 3.75], "texture": "#0"},
				"up": {"uv": [0.25, 4.25, 0, 4], "texture": "#0"},
				"down": {"uv": [4.25, 0, 4, 0.25], "texture": "#0"}
			}
		},
		{
			"from": [8.96267, 1, 14.00434],
			"to": [9.46267, 1.25, 14.50434],
			"rotation": {"angle": -45, "axis": "y", "origin": [6.00434, 1.125, 14.00434]},
			"faces": {
				"north": {"uv": [0.5, 4, 0.75, 4.25], "texture": "#0"},
				"east": {"uv": [4, 0.5, 4.25, 0.75], "texture": "#0"},
				"south": {"uv": [1, 4, 1.25, 4.25], "texture": "#0"},
				"west": {"uv": [4, 1, 4.25, 1.25], "texture": "#0"},
				"up": {"uv": [1.75, 4.25, 1.5, 4], "texture": "#0"},
				"down": {"uv": [4.25, 1.5, 4, 1.75], "texture": "#0"}
			}
		},
		{
			"from": [9.71267, 1, 14.00434],
			"to": [10.21267, 1.25, 14.50434],
			"rotation": {"angle": -45, "axis": "y", "origin": [6.00434, 1.125, 14.00434]},
			"faces": {
				"north": {"uv": [2, 4, 2.25, 4.25], "texture": "#0"},
				"east": {"uv": [4, 2, 4.25, 2.25], "texture": "#0"},
				"south": {"uv": [2.5, 4, 2.75, 4.25], "texture": "#0"},
				"west": {"uv": [4, 2.5, 4.25, 2.75], "texture": "#0"},
				"up": {"uv": [3.25, 4.25, 3, 4], "texture": "#0"},
				"down": {"uv": [4.25, 3, 4, 3.25], "texture": "#0"}
			}
		},
		{
			"from": [10.46267, 1, 14.00434],
			"to": [11.21267, 1.25, 14.50434],
			"rotation": {"angle": -45, "axis": "y", "origin": [6.00434, 1.125, 14.00434]},
			"faces": {
				"north": {"uv": [0, 2, 0.5, 2.25], "texture": "#0"},
				"east": {"uv": [3.5, 4, 3.75, 4.25], "texture": "#0"},
				"south": {"uv": [2, 0, 2.5, 0.25], "texture": "#0"},
				"west": {"uv": [4, 3.5, 4.25, 3.75], "texture": "#0"},
				"up": {"uv": [1, 2.25, 0.5, 2], "texture": "#0"},
				"down": {"uv": [2.5, 0.5, 2, 0.75], "texture": "#0"}
			}
		},
		{
			"from": [3.21267, 1, 12.50434],
			"to": [4.21267, 1.25, 13.00434],
			"rotation": {"angle": -45, "axis": "y", "origin": [6.00434, 1.125, 14.00434]},
			"faces": {
				"north": {"uv": [1, 2, 1.5, 2.25], "texture": "#0"},
				"east": {"uv": [4, 4, 4.25, 4.25], "texture": "#0"},
				"south": {"uv": [2, 1, 2.5, 1.25], "texture": "#0"},
				"west": {"uv": [0, 4.5, 0.25, 4.75], "texture": "#0"},
				"up": {"uv": [2, 2.25, 1.5, 2], "texture": "#0"},
				"down": {"uv": [2.5, 1.5, 2, 1.75], "texture": "#0"}
			}
		},
		{
			"from": [2.46267, 1, 12.50434],
			"to": [2.96267, 1.25, 13.00434],
			"rotation": {"angle": -45, "axis": "y", "origin": [6.00434, 1.125, 14.00434]},
			"faces": {
				"north": {"uv": [4.5, 0, 4.75, 0.25], "texture": "#0"},
				"east": {"uv": [0.5, 4.5, 0.75, 4.75], "texture": "#0"},
				"south": {"uv": [4.5, 0.5, 4.75, 0.75], "texture": "#0"},
				"west": {"uv": [1, 4.5, 1.25, 4.75], "texture": "#0"},
				"up": {"uv": [4.75, 1.25, 4.5, 1], "texture": "#0"},
				"down": {"uv": [1.75, 4.5, 1.5, 4.75], "texture": "#0"}
			}
		},
		{
			"from": [1.71267, 1, 12.50434],
			"to": [2.21267, 1.25, 13.00434],
			"rotation": {"angle": -45, "axis": "y", "origin": [6.00434, 1.125, 14.00434]},
			"faces": {
				"north": {"uv": [4.5, 1.5, 4.75, 1.75], "texture": "#0"},
				"east": {"uv": [2, 4.5, 2.25, 4.75], "texture": "#0"},
				"south": {"uv": [4.5, 2, 4.75, 2.25], "texture": "#0"},
				"west": {"uv": [2.5, 4.5, 2.75, 4.75], "texture": "#0"},
				"up": {"uv": [4.75, 2.75, 4.5, 2.5], "texture": "#0"},
				"down": {"uv": [3.25, 4.5, 3, 4.75], "texture": "#0"}
			}
		},
		{
			"from": [0.96267, 1, 12.50434],
			"to": [1.46267, 1.25, 13.00434],
			"rotation": {"angle": -45, "axis": "y", "origin": [6.00434, 1.125, 14.00434]},
			"faces": {
				"north": {"uv": [4.5, 3, 4.75, 3.25], "texture": "#0"},
				"east": {"uv": [3.5, 4.5, 3.75, 4.75], "texture": "#0"},
				"south": {"uv": [4.5, 3.5, 4.75, 3.75], "texture": "#0"},
				"west": {"uv": [4, 4.5, 4.25, 4.75], "texture": "#0"},
				"up": {"uv": [4.75, 4.25, 4.5, 4], "texture": "#0"},
				"down": {"uv": [4.75, 4.5, 4.5, 4.75], "texture": "#0"}
			}
		},
		{
			"from": [1.71267, 1, 14.00434],
			"to": [2.21267, 1.25, 14.50434],
			"rotation": {"angle": -45, "axis": "y", "origin": [6.00434, 1.125, 14.00434]},
			"faces": {
				"north": {"uv": [0, 5, 0.25, 5.25], "texture": "#0"},
				"east": {"uv": [5, 0, 5.25, 0.25], "texture": "#0"},
				"south": {"uv": [0.5, 5, 0.75, 5.25], "texture": "#0"},
				"west": {"uv": [5, 0.5, 5.25, 0.75], "texture": "#0"},
				"up": {"uv": [1.25, 5.25, 1, 5], "texture": "#0"},
				"down": {"uv": [5.25, 1, 5, 1.25], "texture": "#0"}
			}
		},
		{
			"from": [0.96267, 1, 14.00434],
			"to": [1.46267, 1.25, 14.50434],
			"rotation": {"angle": -45, "axis": "y", "origin": [6.00434, 1.125, 14.00434]},
			"faces": {
				"north": {"uv": [1.5, 5, 1.75, 5.25], "texture": "#0"},
				"east": {"uv": [5, 1.5, 5.25, 1.75], "texture": "#0"},
				"south": {"uv": [2, 5, 2.25, 5.25], "texture": "#0"},
				"west": {"uv": [5, 2, 5.25, 2.25], "texture": "#0"},
				"up": {"uv": [2.75, 5.25, 2.5, 5], "texture": "#0"},
				"down": {"uv": [5.25, 2.5, 5, 2.75], "texture": "#0"}
			}
		},
		{
			"from": [2.46267, 1, 14.00434],
			"to": [2.96267, 1.25, 14.50434],
			"rotation": {"angle": -45, "axis": "y", "origin": [6.00434, 1.125, 14.00434]},
			"faces": {
				"north": {"uv": [3, 5, 3.25, 5.25], "texture": "#0"},
				"east": {"uv": [5, 3, 5.25, 3.25], "texture": "#0"},
				"south": {"uv": [3.5, 5, 3.75, 5.25], "texture": "#0"},
				"west": {"uv": [5, 3.5, 5.25, 3.75], "texture": "#0"},
				"up": {"uv": [4.25, 5.25, 4, 5], "texture": "#0"},
				"down": {"uv": [5.25, 4, 5, 4.25], "texture": "#0"}
			}
		},
		{
			"from": [4.46267, 1, 12.50434],
			"to": [4.96267, 1.25, 13.00434],
			"rotation": {"angle": -45, "axis": "y", "origin": [6.00434, 1.125, 14.00434]},
			"faces": {
				"north": {"uv": [4.5, 5, 4.75, 5.25], "texture": "#0"},
				"east": {"uv": [5, 4.5, 5.25, 4.75], "texture": "#0"},
				"south": {"uv": [5, 5, 5.25, 5.25], "texture": "#0"},
				"west": {"uv": [0, 5.5, 0.25, 5.75], "texture": "#0"},
				"up": {"uv": [5.75, 0.25, 5.5, 0], "texture": "#0"},
				"down": {"uv": [0.75, 5.5, 0.5, 5.75], "texture": "#0"}
			}
		},
		{
			"from": [5.21267, 1, 12.50434],
			"to": [5.71267, 1.25, 13.00434],
			"rotation": {"angle": -45, "axis": "y", "origin": [6.00434, 1.125, 14.00434]},
			"faces": {
				"north": {"uv": [5.5, 0.5, 5.75, 0.75], "texture": "#0"},
				"east": {"uv": [1, 5.5, 1.25, 5.75], "texture": "#0"},
				"south": {"uv": [5.5, 1, 5.75, 1.25], "texture": "#0"},
				"west": {"uv": [1.5, 5.5, 1.75, 5.75], "texture": "#0"},
				"up": {"uv": [5.75, 1.75, 5.5, 1.5], "texture": "#0"},
				"down": {"uv": [2.25, 5.5, 2, 5.75], "texture": "#0"}
			}
		},
		{
			"from": [5.96267, 1, 12.50434],
			"to": [8.71267, 1.25, 13.00434],
			"rotation": {"angle": -45, "axis": "y", "origin": [6.00434, 1.125, 14.00434]},
			"faces": {
				"north": {"uv": [0, 0, 1.25, 0.25], "texture": "#0"},
				"east": {"uv": [5.5, 2, 5.75, 2.25], "texture": "#0"},
				"south": {"uv": [0, 0.5, 1.25, 0.75], "texture": "#0"},
				"west": {"uv": [2.5, 5.5, 2.75, 5.75], "texture": "#0"},
				"up": {"uv": [1.25, 1.25, 0, 1], "texture": "#0"},
				"down": {"uv": [1.25, 1.5, 0, 1.75], "texture": "#0"}
			}
		},
		{
			"from": [8.96267, 1, 12.50434],
			"to": [9.46267, 1.25, 13.00434],
			"rotation": {"angle": -45, "axis": "y", "origin": [6.00434, 1.125, 14.00434]},
			"faces": {
				"north": {"uv": [5.5, 2.5, 5.75, 2.75], "texture": "#0"},
				"east": {"uv": [3, 5.5, 3.25, 5.75], "texture": "#0"},
				"south": {"uv": [5.5, 3, 5.75, 3.25], "texture": "#0"},
				"west": {"uv": [3.5, 5.5, 3.75, 5.75], "texture": "#0"},
				"up": {"uv": [5.75, 3.75, 5.5, 3.5], "texture": "#0"},
				"down": {"uv": [4.25, 5.5, 4, 5.75], "texture": "#0"}
			}
		},
		{
			"from": [9.71267, 1, 12.50434],
			"to": [10.21267, 1.25, 13.00434],
			"rotation": {"angle": -45, "axis": "y", "origin": [6.00434, 1.125, 14.00434]},
			"faces": {
				"north": {"uv": [5.5, 4, 5.75, 4.25], "texture": "#0"},
				"east": {"uv": [4.5, 5.5, 4.75, 5.75], "texture": "#0"},
				"south": {"uv": [5.5, 4.5, 5.75, 4.75], "texture": "#0"},
				"west": {"uv": [5, 5.5, 5.25, 5.75], "texture": "#0"},
				"up": {"uv": [5.75, 5.25, 5.5, 5], "texture": "#0"},
				"down": {"uv": [5.75, 5.5, 5.5, 5.75], "texture": "#0"}
			}
		},
		{
			"from": [10.46267, 1, 12.50434],
			"to": [11.21267, 1.25, 13.00434],
			"rotation": {"angle": -45, "axis": "y", "origin": [6.00434, 1.125, 14.00434]},
			"faces": {
				"north": {"uv": [2, 2, 2.5, 2.25], "texture": "#0"},
				"east": {"uv": [0, 6, 0.25, 6.25], "texture": "#0"},
				"south": {"uv": [0, 2.5, 0.5, 2.75], "texture": "#0"},
				"west": {"uv": [6, 0, 6.25, 0.25], "texture": "#0"},
				"up": {"uv": [3, 0.25, 2.5, 0], "texture": "#0"},
				"down": {"uv": [1, 2.5, 0.5, 2.75], "texture": "#0"}
			}
		},
		{
			"from": [3.21267, 1, 13.25434],
			"to": [3.71267, 1.25, 13.75434],
			"rotation": {"angle": -45, "axis": "y", "origin": [6.00434, 1.125, 14.00434]},
			"faces": {
				"north": {"uv": [0.5, 6, 0.75, 6.25], "texture": "#0"},
				"east": {"uv": [6, 0.5, 6.25, 0.75], "texture": "#0"},
				"south": {"uv": [1, 6, 1.25, 6.25], "texture": "#0"},
				"west": {"uv": [6, 1, 6.25, 1.25], "texture": "#0"},
				"up": {"uv": [1.75, 6.25, 1.5, 6], "texture": "#0"},
				"down": {"uv": [6.25, 1.5, 6, 1.75], "texture": "#0"}
			}
		},
		{
			"from": [1.71267, 1, 13.25434],
			"to": [2.21267, 1.25, 13.75434],
			"rotation": {"angle": -45, "axis": "y", "origin": [6.00434, 1.125, 14.00434]},
			"faces": {
				"north": {"uv": [2, 6, 2.25, 6.25], "texture": "#0"},
				"east": {"uv": [6, 2, 6.25, 2.25], "texture": "#0"},
				"south": {"uv": [2.5, 6, 2.75, 6.25], "texture": "#0"},
				"west": {"uv": [6, 2.5, 6.25, 2.75], "texture": "#0"},
				"up": {"uv": [3.25, 6.25, 3, 6], "texture": "#0"},
				"down": {"uv": [6.25, 3, 6, 3.25], "texture": "#0"}
			}
		},
		{
			"from": [3.96267, 1, 13.25434],
			"to": [4.46267, 1.25, 13.75434],
			"rotation": {"angle": -45, "axis": "y", "origin": [6.00434, 1.125, 14.00434]},
			"faces": {
				"north": {"uv": [3.5, 6, 3.75, 6.25], "texture": "#0"},
				"east": {"uv": [6, 3.5, 6.25, 3.75], "texture": "#0"},
				"south": {"uv": [4, 6, 4.25, 6.25], "texture": "#0"},
				"west": {"uv": [6, 4, 6.25, 4.25], "texture": "#0"},
				"up": {"uv": [4.75, 6.25, 4.5, 6], "texture": "#0"},
				"down": {"uv": [6.25, 4.5, 6, 4.75], "texture": "#0"}
			}
		},
		{
			"from": [4.71267, 1, 13.25434],
			"to": [5.21267, 1.25, 13.75434],
			"rotation": {"angle": -45, "axis": "y", "origin": [6.00434, 1.125, 14.00434]},
			"faces": {
				"north": {"uv": [5, 6, 5.25, 6.25], "texture": "#0"},
				"east": {"uv": [6, 5, 6.25, 5.25], "texture": "#0"},
				"south": {"uv": [5.5, 6, 5.75, 6.25], "texture": "#0"},
				"west": {"uv": [6, 5.5, 6.25, 5.75], "texture": "#0"},
				"up": {"uv": [6.25, 6.25, 6, 6], "texture": "#0"},
				"down": {"uv": [0.25, 6.5, 0, 6.75], "texture": "#0"}
			}
		},
		{
			"from": [5.46267, 1, 13.25434],
			"to": [5.96267, 1.25, 13.75434],
			"rotation": {"angle": -45, "axis": "y", "origin": [6.00434, 1.125, 14.00434]},
			"faces": {
				"north": {"uv": [6.5, 0, 6.75, 0.25], "texture": "#0"},
				"east": {"uv": [0.5, 6.5, 0.75, 6.75], "texture": "#0"},
				"south": {"uv": [6.5, 0.5, 6.75, 0.75], "texture": "#0"},
				"west": {"uv": [1, 6.5, 1.25, 6.75], "texture": "#0"},
				"up": {"uv": [6.75, 1.25, 6.5, 1], "texture": "#0"},
				"down": {"uv": [1.75, 6.5, 1.5, 6.75], "texture": "#0"}
			}
		},
		{
			"from": [6.21267, 1, 13.25434],
			"to": [6.71267, 1.25, 13.75434],
			"rotation": {"angle": -45, "axis": "y", "origin": [6.00434, 1.125, 14.00434]},
			"faces": {
				"north": {"uv": [6.5, 1.5, 6.75, 1.75], "texture": "#0"},
				"east": {"uv": [2, 6.5, 2.25, 6.75], "texture": "#0"},
				"south": {"uv": [6.5, 2, 6.75, 2.25], "texture": "#0"},
				"west": {"uv": [2.5, 6.5, 2.75, 6.75], "texture": "#0"},
				"up": {"uv": [6.75, 2.75, 6.5, 2.5], "texture": "#0"},
				"down": {"uv": [3.25, 6.5, 3, 6.75], "texture": "#0"}
			}
		},
		{
			"from": [6.96267, 1, 13.25434],
			"to": [7.46267, 1.25, 13.75434],
			"rotation": {"angle": -45, "axis": "y", "origin": [6.00434, 1.125, 14.00434]},
			"faces": {
				"north": {"uv": [6.5, 3, 6.75, 3.25], "texture": "#0"},
				"east": {"uv": [3.5, 6.5, 3.75, 6.75], "texture": "#0"},
				"south": {"uv": [6.5, 3.5, 6.75, 3.75], "texture": "#0"},
				"west": {"uv": [4, 6.5, 4.25, 6.75], "texture": "#0"},
				"up": {"uv": [6.75, 4.25, 6.5, 4], "texture": "#0"},
				"down": {"uv": [4.75, 6.5, 4.5, 6.75], "texture": "#0"}
			}
		},
		{
			"from": [7.71267, 1, 13.25434],
			"to": [8.21267, 1.25, 13.75434],
			"rotation": {"angle": -45, "axis": "y", "origin": [6.00434, 1.125, 14.00434]},
			"faces": {
				"north": {"uv": [6.5, 4.5, 6.75, 4.75], "texture": "#0"},
				"east": {"uv": [5, 6.5, 5.25, 6.75], "texture": "#0"},
				"south": {"uv": [6.5, 5, 6.75, 5.25], "texture": "#0"},
				"west": {"uv": [5.5, 6.5, 5.75, 6.75], "texture": "#0"},
				"up": {"uv": [6.75, 5.75, 6.5, 5.5], "texture": "#0"},
				"down": {"uv": [6.25, 6.5, 6, 6.75], "texture": "#0"}
			}
		},
		{
			"from": [8.46267, 1, 13.25434],
			"to": [8.96267, 1.25, 13.75434],
			"rotation": {"angle": -45, "axis": "y", "origin": [6.00434, 1.125, 14.00434]},
			"faces": {
				"north": {"uv": [6.5, 6, 6.75, 6.25], "texture": "#0"},
				"east": {"uv": [6.5, 6.5, 6.75, 6.75], "texture": "#0"},
				"south": {"uv": [0, 7, 0.25, 7.25], "texture": "#0"},
				"west": {"uv": [7, 0, 7.25, 0.25], "texture": "#0"},
				"up": {"uv": [0.75, 7.25, 0.5, 7], "texture": "#0"},
				"down": {"uv": [7.25, 0.5, 7, 0.75], "texture": "#0"}
			}
		},
		{
			"from": [9.21267, 1, 13.25434],
			"to": [9.71267, 1.25, 13.75434],
			"rotation": {"angle": -45, "axis": "y", "origin": [6.00434, 1.125, 14.00434]},
			"faces": {
				"north": {"uv": [1, 7, 1.25, 7.25], "texture": "#0"},
				"east": {"uv": [7, 1, 7.25, 1.25], "texture": "#0"},
				"south": {"uv": [1.5, 7, 1.75, 7.25], "texture": "#0"},
				"west": {"uv": [7, 1.5, 7.25, 1.75], "texture": "#0"},
				"up": {"uv": [2.25, 7.25, 2, 7], "texture": "#0"},
				"down": {"uv": [7.25, 2, 7, 2.25], "texture": "#0"}
			}
		},
		{
			"from": [9.96267, 1, 13.25434],
			"to": [10.46267, 1.25, 13.75434],
			"rotation": {"angle": -45, "axis": "y", "origin": [6.00434, 1.125, 14.00434]},
			"faces": {
				"north": {"uv": [2.5, 7, 2.75, 7.25], "texture": "#0"},
				"east": {"uv": [7, 2.5, 7.25, 2.75], "texture": "#0"},
				"south": {"uv": [3, 7, 3.25, 7.25], "texture": "#0"},
				"west": {"uv": [7, 3, 7.25, 3.25], "texture": "#0"},
				"up": {"uv": [3.75, 7.25, 3.5, 7], "texture": "#0"},
				"down": {"uv": [7.25, 3.5, 7, 3.75], "texture": "#0"}
			}
		},
		{
			"from": [10.71267, 1, 13.25434],
			"to": [11.21267, 1.25, 13.75434],
			"rotation": {"angle": -45, "axis": "y", "origin": [6.00434, 1.125, 14.00434]},
			"faces": {
				"north": {"uv": [4, 7, 4.25, 7.25], "texture": "#0"},
				"east": {"uv": [7, 4, 7.25, 4.25], "texture": "#0"},
				"south": {"uv": [4.5, 7, 4.75, 7.25], "texture": "#0"},
				"west": {"uv": [7, 4.5, 7.25, 4.75], "texture": "#0"},
				"up": {"uv": [5.25, 7.25, 5, 7], "texture": "#0"},
				"down": {"uv": [7.25, 5, 7, 5.25], "texture": "#0"}
			}
		},
		{
			"from": [0.96267, 1, 15.00434],
			"to": [1.46267, 1.25, 15.50434],
			"rotation": {"angle": -45, "axis": "y", "origin": [6.00434, 1.125, 14.00434]},
			"faces": {
				"north": {"uv": [5.5, 7, 5.75, 7.25], "texture": "#0"},
				"east": {"uv": [7, 5.5, 7.25, 5.75], "texture": "#0"},
				"south": {"uv": [6, 7, 6.25, 7.25], "texture": "#0"},
				"west": {"uv": [7, 6, 7.25, 6.25], "texture": "#0"},
				"up": {"uv": [6.75, 7.25, 6.5, 7], "texture": "#0"},
				"down": {"uv": [7.25, 6.5, 7, 6.75], "texture": "#0"}
			}
		},
		{
			"from": [2.46267, 1, 15.00434],
			"to": [2.96267, 1.25, 15.50434],
			"rotation": {"angle": -45, "axis": "y", "origin": [6.00434, 1.125, 14.00434]},
			"faces": {
				"north": {"uv": [7, 7, 7.25, 7.25], "texture": "#0"},
				"east": {"uv": [0, 7.5, 0.25, 7.75], "texture": "#0"},
				"south": {"uv": [7.5, 0, 7.75, 0.25], "texture": "#0"},
				"west": {"uv": [0.5, 7.5, 0.75, 7.75], "texture": "#0"},
				"up": {"uv": [7.75, 0.75, 7.5, 0.5], "texture": "#0"},
				"down": {"uv": [1.25, 7.5, 1, 7.75], "texture": "#0"}
			}
		},
		{
			"from": [1.71267, 1, 15.00434],
			"to": [2.21267, 1.25, 15.50434],
			"rotation": {"angle": -45, "axis": "y", "origin": [6.00434, 1.125, 14.00434]},
			"faces": {
				"north": {"uv": [7.5, 1, 7.75, 1.25], "texture": "#0"},
				"east": {"uv": [1.5, 7.5, 1.75, 7.75], "texture": "#0"},
				"south": {"uv": [7.5, 1.5, 7.75, 1.75], "texture": "#0"},
				"west": {"uv": [2, 7.5, 2.25, 7.75], "texture": "#0"},
				"up": {"uv": [7.75, 2.25, 7.5, 2], "texture": "#0"},
				"down": {"uv": [2.75, 7.5, 2.5, 7.75], "texture": "#0"}
			}
		},
		{
			"from": [3.21267, 1, 15.00434],
			"to": [3.71267, 1.25, 15.50434],
			"rotation": {"angle": -45, "axis": "y", "origin": [6.00434, 1.125, 14.00434]},
			"faces": {
				"north": {"uv": [7.5, 2.5, 7.75, 2.75], "texture": "#0"},
				"east": {"uv": [3, 7.5, 3.25, 7.75], "texture": "#0"},
				"south": {"uv": [7.5, 3, 7.75, 3.25], "texture": "#0"},
				"west": {"uv": [3.5, 7.5, 3.75, 7.75], "texture": "#0"},
				"up": {"uv": [7.75, 3.75, 7.5, 3.5], "texture": "#0"},
				"down": {"uv": [4.25, 7.5, 4, 7.75], "texture": "#0"}
			}
		},
		{
			"from": [3.96267, 1, 15.00434],
			"to": [4.46267, 1.25, 15.50434],
			"rotation": {"angle": -45, "axis": "y", "origin": [6.00434, 1.125, 14.00434]},
			"faces": {
				"north": {"uv": [7.5, 4, 7.75, 4.25], "texture": "#0"},
				"east": {"uv": [4.5, 7.5, 4.75, 7.75], "texture": "#0"},
				"south": {"uv": [7.5, 4.5, 7.75, 4.75], "texture": "#0"},
				"west": {"uv": [5, 7.5, 5.25, 7.75], "texture": "#0"},
				"up": {"uv": [7.75, 5.25, 7.5, 5], "texture": "#0"},
				"down": {"uv": [5.75, 7.5, 5.5, 7.75], "texture": "#0"}
			}
		},
		{
			"from": [4.71267, 1, 15.00434],
			"to": [5.21267, 1.25, 15.50434],
			"rotation": {"angle": -45, "axis": "y", "origin": [6.00434, 1.125, 14.00434]},
			"faces": {
				"north": {"uv": [7.5, 5.5, 7.75, 5.75], "texture": "#0"},
				"east": {"uv": [6, 7.5, 6.25, 7.75], "texture": "#0"},
				"south": {"uv": [7.5, 6, 7.75, 6.25], "texture": "#0"},
				"west": {"uv": [6.5, 7.5, 6.75, 7.75], "texture": "#0"},
				"up": {"uv": [7.75, 6.75, 7.5, 6.5], "texture": "#0"},
				"down": {"uv": [7.25, 7.5, 7, 7.75], "texture": "#0"}
			}
		},
		{
			"from": [5.46267, 1, 15.00434],
			"to": [5.96267, 1.25, 15.50434],
			"rotation": {"angle": -45, "axis": "y", "origin": [6.00434, 1.125, 14.00434]},
			"faces": {
				"north": {"uv": [7.5, 7, 7.75, 7.25], "texture": "#0"},
				"east": {"uv": [7.5, 7.5, 7.75, 7.75], "texture": "#0"},
				"south": {"uv": [0, 8, 0.25, 8.25], "texture": "#0"},
				"west": {"uv": [8, 0, 8.25, 0.25], "texture": "#0"},
				"up": {"uv": [0.75, 8.25, 0.5, 8], "texture": "#0"},
				"down": {"uv": [8.25, 0.5, 8, 0.75], "texture": "#0"}
			}
		},
		{
			"from": [6.21267, 1, 15.00434],
			"to": [6.71267, 1.25, 15.50434],
			"rotation": {"angle": -45, "axis": "y", "origin": [6.00434, 1.125, 14.00434]},
			"faces": {
				"north": {"uv": [1, 8, 1.25, 8.25], "texture": "#0"},
				"east": {"uv": [8, 1, 8.25, 1.25], "texture": "#0"},
				"south": {"uv": [1.5, 8, 1.75, 8.25], "texture": "#0"},
				"west": {"uv": [8, 1.5, 8.25, 1.75], "texture": "#0"},
				"up": {"uv": [2.25, 8.25, 2, 8], "texture": "#0"},
				"down": {"uv": [8.25, 2, 8, 2.25], "texture": "#0"}
			}
		},
		{
			"from": [6.96267, 1, 15.00434],
			"to": [7.46267, 1.25, 15.50434],
			"rotation": {"angle": -45, "axis": "y", "origin": [6.00434, 1.125, 14.00434]},
			"faces": {
				"north": {"uv": [2.5, 8, 2.75, 8.25], "texture": "#0"},
				"east": {"uv": [8, 2.5, 8.25, 2.75], "texture": "#0"},
				"south": {"uv": [3, 8, 3.25, 8.25], "texture": "#0"},
				"west": {"uv": [8, 3, 8.25, 3.25], "texture": "#0"},
				"up": {"uv": [3.75, 8.25, 3.5, 8], "texture": "#0"},
				"down": {"uv": [8.25, 3.5, 8, 3.75], "texture": "#0"}
			}
		},
		{
			"from": [7.71267, 1, 15.00434],
			"to": [8.21267, 1.25, 15.50434],
			"rotation": {"angle": -45, "axis": "y", "origin": [6.00434, 1.125, 14.00434]},
			"faces": {
				"north": {"uv": [4, 8, 4.25, 8.25], "texture": "#0"},
				"east": {"uv": [8, 4, 8.25, 4.25], "texture": "#0"},
				"south": {"uv": [4.5, 8, 4.75, 8.25], "texture": "#0"},
				"west": {"uv": [8, 4.5, 8.25, 4.75], "texture": "#0"},
				"up": {"uv": [5.25, 8.25, 5, 8], "texture": "#0"},
				"down": {"uv": [8.25, 5, 8, 5.25], "texture": "#0"}
			}
		},
		{
			"from": [8.46267, 1, 15.00434],
			"to": [8.96267, 1.25, 15.50434],
			"rotation": {"angle": -45, "axis": "y", "origin": [6.00434, 1.125, 14.00434]},
			"faces": {
				"north": {"uv": [5.5, 8, 5.75, 8.25], "texture": "#0"},
				"east": {"uv": [8, 5.5, 8.25, 5.75], "texture": "#0"},
				"south": {"uv": [6, 8, 6.25, 8.25], "texture": "#0"},
				"west": {"uv": [8, 6, 8.25, 6.25], "texture": "#0"},
				"up": {"uv": [6.75, 8.25, 6.5, 8], "texture": "#0"},
				"down": {"uv": [8.25, 6.5, 8, 6.75], "texture": "#0"}
			}
		},
		{
			"from": [9.21267, 1, 15.00434],
			"to": [9.71267, 1.25, 15.50434],
			"rotation": {"angle": -45, "axis": "y", "origin": [6.00434, 1.125, 14.00434]},
			"faces": {
				"north": {"uv": [7, 8, 7.25, 8.25], "texture": "#0"},
				"east": {"uv": [8, 7, 8.25, 7.25], "texture": "#0"},
				"south": {"uv": [7.5, 8, 7.75, 8.25], "texture": "#0"},
				"west": {"uv": [8, 7.5, 8.25, 7.75], "texture": "#0"},
				"up": {"uv": [8.25, 8.25, 8, 8], "texture": "#0"},
				"down": {"uv": [0.25, 8.5, 0, 8.75], "texture": "#0"}
			}
		},
		{
			"from": [9.96267, 1, 15.00434],
			"to": [10.46267, 1.25, 15.50434],
			"rotation": {"angle": -45, "axis": "y", "origin": [6.00434, 1.125, 14.00434]},
			"faces": {
				"north": {"uv": [8.5, 0, 8.75, 0.25], "texture": "#0"},
				"east": {"uv": [0.5, 8.5, 0.75, 8.75], "texture": "#0"},
				"south": {"uv": [8.5, 0.5, 8.75, 0.75], "texture": "#0"},
				"west": {"uv": [1, 8.5, 1.25, 8.75], "texture": "#0"},
				"up": {"uv": [8.75, 1.25, 8.5, 1], "texture": "#0"},
				"down": {"uv": [1.75, 8.5, 1.5, 8.75], "texture": "#0"}
			}
		},
		{
			"from": [10.71267, 1, 15.00434],
			"to": [11.21267, 1.25, 15.50434],
			"rotation": {"angle": -45, "axis": "y", "origin": [6.00434, 1.125, 14.00434]},
			"faces": {
				"north": {"uv": [8.5, 1.5, 8.75, 1.75], "texture": "#0"},
				"east": {"uv": [2, 8.5, 2.25, 8.75], "texture": "#0"},
				"south": {"uv": [8.5, 2, 8.75, 2.25], "texture": "#0"},
				"west": {"uv": [2.5, 8.5, 2.75, 8.75], "texture": "#0"},
				"up": {"uv": [8.75, 2.75, 8.5, 2.5], "texture": "#0"},
				"down": {"uv": [3.25, 8.5, 3, 8.75], "texture": "#0"}
			}
		},
		{
			"from": [1, 0, 10],
			"to": [6, 1, 11],
			"rotation": {"angle": 0, "axis": "y", "origin": [-2, 0, 2]},
			"faces": {
				"north": {"uv": [0, 0, 2.5, 0.5], "texture": "#2"},
				"east": {"uv": [0, 0, 0.5, 0.5], "texture": "#2"},
				"south": {"uv": [0, 0, 2.5, 0.5], "texture": "#2"},
				"west": {"uv": [0, 0, 0.5, 0.5], "texture": "#2"},
				"up": {"uv": [0, 0, 2.5, 0.5], "texture": "#2"},
				"down": {"uv": [0, 0, 2.5, 0.5], "texture": "#2"}
			}
		},
		{
			"from": [2, 0, 9],
			"to": [5, 1, 10],
			"rotation": {"angle": 0, "axis": "y", "origin": [-2, 0, 2]},
			"faces": {
				"north": {"uv": [0, 0, 1.5, 0.5], "texture": "#2"},
				"east": {"uv": [0, 0, 0.5, 0.5], "texture": "#2"},
				"south": {"uv": [0, 0, 1.5, 0.5], "texture": "#2"},
				"west": {"uv": [0, 0, 0.5, 0.5], "texture": "#2"},
				"up": {"uv": [0, 0, 1.5, 0.5], "texture": "#2"},
				"down": {"uv": [0, 0, 1.5, 0.5], "texture": "#2"}
			}
		},
		{
			"from": [0, 0, 11],
			"to": [7, 1, 12],
			"rotation": {"angle": 0, "axis": "y", "origin": [-2, 0, 2]},
			"faces": {
				"north": {"uv": [0, 0, 3.5, 0.5], "texture": "#2"},
				"east": {"uv": [0, 0, 0.5, 0.5], "texture": "#2"},
				"south": {"uv": [0, 0, 3.5, 0.5], "texture": "#2"},
				"west": {"uv": [0, 0, 0.5, 0.5], "texture": "#2"},
				"up": {"uv": [0, 0, 3.5, 0.5], "texture": "#2"},
				"down": {"uv": [0, 0, 3.5, 0.5], "texture": "#2"}
			}
		},
		{
			"from": [1, 0, 12],
			"to": [8, 1, 13],
			"rotation": {"angle": 0, "axis": "y", "origin": [-2, 0, 2]},
			"faces": {
				"north": {"uv": [0, 0, 3.5, 0.5], "texture": "#2"},
				"east": {"uv": [0, 0, 0.5, 0.5], "texture": "#2"},
				"south": {"uv": [0, 0, 3.5, 0.5], "texture": "#2"},
				"west": {"uv": [0, 0, 0.5, 0.5], "texture": "#2"},
				"up": {"uv": [0, 0, 3.5, 0.5], "texture": "#2"},
				"down": {"uv": [0, 0, 3.5, 0.5], "texture": "#2"}
			}
		},
		{
			"from": [2, 0, 13],
			"to": [9, 1, 14],
			"rotation": {"angle": 0, "axis": "y", "origin": [-2, 0, 2]},
			"faces": {
				"north": {"uv": [0, 0, 3.5, 0.5], "texture": "#2"},
				"east": {"uv": [0, 0, 0.5, 0.5], "texture": "#2"},
				"south": {"uv": [0, 0, 3.5, 0.5], "texture": "#2"},
				"west": {"uv": [0, 0, 0.5, 0.5], "texture": "#2"},
				"up": {"uv": [0, 0, 3.5, 0.5], "texture": "#2"},
				"down": {"uv": [0, 0, 3.5, 0.5], "texture": "#2"}
			}
		},
		{
			"from": [3, 0, 14],
			"to": [10, 1, 15],
			"rotation": {"angle": 0, "axis": "y", "origin": [-2, 0, 2]},
			"faces": {
				"north": {"uv": [0, 0, 3.5, 0.5], "texture": "#2"},
				"east": {"uv": [0, 0, 0.5, 0.5], "texture": "#2"},
				"south": {"uv": [0, 0, 3.5, 0.5], "texture": "#2"},
				"west": {"uv": [0, 0, 0.5, 0.5], "texture": "#2"},
				"up": {"uv": [0, 0, 3.5, 0.5], "texture": "#2"},
				"down": {"uv": [0, 0, 3.5, 0.5], "texture": "#2"}
			}
		},
		{
			"from": [4, 0, 15],
			"to": [11, 1, 16],
			"rotation": {"angle": 0, "axis": "y", "origin": [-2, 0, 2]},
			"faces": {
				"north": {"uv": [0, 0, 3.5, 0.5], "texture": "#2"},
				"east": {"uv": [0, 0, 0.5, 0.5], "texture": "#2"},
				"south": {"uv": [0, 0, 3.5, 0.5], "texture": "#2"},
				"west": {"uv": [0, 0, 0.5, 0.5], "texture": "#2"},
				"up": {"uv": [0, 0, 3.5, 0.5], "texture": "#2"},
				"down": {"uv": [0, 0, 3.5, 0.5], "texture": "#2"}
			}
		},
		{
			"from": [5, 0, 16],
			"to": [12, 1, 17],
			"rotation": {"angle": 0, "axis": "y", "origin": [-2, 0, 2]},
			"faces": {
				"north": {"uv": [0, 0, 3.5, 0.5], "texture": "#2"},
				"east": {"uv": [0, 0, 0.5, 0.5], "texture": "#2"},
				"south": {"uv": [0, 0, 3.5, 0.5], "texture": "#2"},
				"west": {"uv": [0, 0, 0.5, 0.5], "texture": "#2"},
				"up": {"uv": [0, 0, 3.5, 0.5], "texture": "#2"},
				"down": {"uv": [0, 0, 3.5, 0.5], "texture": "#2"}
			}
		},
		{
			"from": [6, 0, 17],
			"to": [11, 1, 18],
			"rotation": {"angle": 0, "axis": "y", "origin": [-2, 0, 2]},
			"faces": {
				"north": {"uv": [0, 0, 2.5, 0.5], "texture": "#2"},
				"east": {"uv": [0, 0, 0.5, 0.5], "texture": "#2"},
				"south": {"uv": [0, 0, 2.5, 0.5], "texture": "#2"},
				"west": {"uv": [0, 0, 0.5, 0.5], "texture": "#2"},
				"up": {"uv": [0, 0, 2.5, 0.5], "texture": "#2"},
				"down": {"uv": [0, 0, 2.5, 0.5], "texture": "#2"}
			}
		},
		{
			"from": [7, 0, 18],
			"to": [10, 1, 19],
			"rotation": {"angle": 0, "axis": "y", "origin": [-2, 0, 2]},
			"faces": {
				"north": {"uv": [0, 0, 1.5, 0.5], "texture": "#2"},
				"east": {"uv": [0, 0, 0.5, 0.5], "texture": "#2"},
				"south": {"uv": [0, 0, 1.5, 0.5], "texture": "#2"},
				"west": {"uv": [0, 0, 0.5, 0.5], "texture": "#2"},
				"up": {"uv": [0, 0, 1.5, 0.5], "texture": "#2"},
				"down": {"uv": [0, 0, 1.5, 0.5], "texture": "#2"}
			}
		},
		{
			"from": [8, 0, 19],
			"to": [9, 1, 20],
			"rotation": {"angle": 0, "axis": "y", "origin": [-2, 0, 2]},
			"faces": {
				"north": {"uv": [0, 0, 0.5, 0.5], "texture": "#2"},
				"east": {"uv": [0, 0, 0.5, 0.5], "texture": "#2"},
				"south": {"uv": [0, 0, 0.5, 0.5], "texture": "#2"},
				"west": {"uv": [0, 0, 0.5, 0.5], "texture": "#2"},
				"up": {"uv": [0, 0, 0.5, 0.5], "texture": "#2"},
				"down": {"uv": [0, 0, 0.5, 0.5], "texture": "#2"}
			}
		},
		{
			"from": [3, 0, 8],
			"to": [4, 1, 9],
			"rotation": {"angle": 0, "axis": "y", "origin": [-2, 0, 2]},
			"faces": {
				"north": {"uv": [0, 0, 0.5, 0.5], "texture": "#2"},
				"east": {"uv": [0, 0, 0.5, 0.5], "texture": "#2"},
				"south": {"uv": [0, 0, 0.5, 0.5], "texture": "#2"},
				"west": {"uv": [0, 0, 0.5, 0.5], "texture": "#2"},
				"up": {"uv": [0, 0, 0.5, 0.5], "texture": "#2"},
				"down": {"uv": [0, 0, 0.5, 0.5], "texture": "#2"}
			}
		}
	],
	"display": {
		"thirdperson_righthand": {
			"rotation": [50, -180, -90],
			"translation": [-7.25, 5.5, 1.75]
		},
		"thirdperson_lefthand": {
			"rotation": [-117, -1, -90],
			"translation": [-7.75, 5.75, 2.75],
			"scale": [1, -1, 1]
		},
		"firstperson_righthand": {
			"rotation": [-172, 21, 94],
			"translation": [-0.75, 2.5, -5.75]
		},
		"firstperson_lefthand": {
			"rotation": [-142, 0, -90],
			"translation": [0.25, 1, -6],
			"scale": [1, -1, 1]
		},
		"ground": {
			"translation": [0, 4, 0]
		},
		"gui": {
			"rotation": [90, -180, 0],
			"translation": [-0.25, -2, 0],
			"scale": [0.9, 0.9, 0.89]
		},
		"head": {
			"rotation": [0, 87, 0],
			"translation": [0, 13.75, 0]
		},
		"fixed": {
			"rotation": [-90, 0, 0],
			"translation": [-0.25, -2.25, -8.25],
			"scale": [0.94, 0.94, 0.94]
		}
	},
	"groups": [
		{
			"name": "group",
			"origin": [0, 0, 0],
			"color": 0,
			"children": [0, 1, 2, 3, 4, 5, 6, 7, 8, 9]
		},
		{
			"name": "layout",
			"origin": [5.5, 1.125, 9.5],
			"color": 0,
			"children": [
				{
					"name": "row",
					"origin": [5.5, 1.125, 9.5],
					"color": 0,
					"children": [10, 11, 12, 13, 14, 15, 16, 17, 18, 19]
				},
				{
					"name": "row",
					"origin": [5.5, 1.125, 9.5],
					"color": 0,
					"children": [20, 21, 22, 23, 24, 25, 26, 27, 28, 29, 30, 31, 32]
				},
				{
					"name": "row",
					"origin": [5.5, 1.125, 9.5],
					"color": 0,
					"children": [33, 34, 35, 36, 37, 38, 39, 40, 41, 42, 43, 44]
				},
				{
					"name": "row",
					"origin": [5.5, 1.125, 9.5],
					"color": 0,
					"children": [45, 46, 47, 48, 49, 50, 51, 52, 53, 54, 55, 56, 57, 58]
				}
			]
		},
		{
			"name": "keyboard",
			"origin": [-2, 0, 2],
			"color": 0,
			"children": [59, 60, 61, 62, 63, 64, 65, 66, 67, 68, 69, 70]
		}
	]
}