{
	"credit": "Made with Blockbench",
	"textures": {
		"0": "custom/yellow_stained_glass",
		"1": "custom/mate_etiquette",
		"2": "custom/white_concrete",
		"3": "custom/etiquette_mate_oben",
		"4": "custom/glass",
		"5": "custom/mate_deckel"
	},
	"elements": [
		{
			"from": [7, 0, 6],
			"to": [8, 1, 7],
			"faces": {
				"north": {"uv": [9, 5, 10, 6], "texture": "#0"},
				"east": {"uv": [7, 1, 8, 2], "texture": "#0"},
				"south": {"uv": [2, 3, 13, 11], "texture": "#0"},
				"west": {"uv": [8, 10, 9, 11], "texture": "#0"},
				"up": {"uv": [4, 6, 5, 7], "texture": "#0"},
				"down": {"uv": [2, 1, 3, 2], "texture": "#0"}
			}
		},
		{
			"from": [7, 0, 5],
			"to": [8, 1, 6],
			"faces": {
				"north": {"uv": [9, 5, 10, 6], "texture": "#0"},
				"east": {"uv": [3, 8, 4, 9], "texture": "#0"},
				"south": {"uv": [2, 2, 3, 3], "texture": "#0"},
				"west": {"uv": [8, 10, 9, 11], "texture": "#0"},
				"up": {"uv": [4, 6, 5, 7], "texture": "#0"},
				"down": {"uv": [7, 2, 8, 3], "texture": "#0"}
			}
		},
		{
			"from": [7, 2, 5],
			"to": [8, 3, 6],
			"faces": {
				"north": {"uv": [1, 4, 10, 12], "texture": "#0"},
				"east": {"uv": [6, 2, 7, 3], "texture": "#0"},
				"south": {"uv": [2, 1, 3, 2], "texture": "#0"},
				"west": {"uv": [8, 10, 9, 11], "texture": "#0"},
				"up": {"uv": [4, 8, 5, 9], "texture": "#0"},
				"down": {"uv": [8, 3, 9, 4], "texture": "#0"}
			}
		},
		{
			"from": [7, 1, 5],
			"to": [8, 2, 6],
			"faces": {
				"north": {"uv": [1, 2, 10, 6], "texture": "#0"},
				"east": {"uv": [9, 8, 10, 9], "texture": "#0"},
				"south": {"uv": [4, 10, 5, 11], "texture": "#0"},
				"west": {"uv": [8, 10, 9, 11], "texture": "#0"},
				"up": {"uv": [4, 6, 5, 7], "texture": "#0"},
				"down": {"uv": [11, 3, 12, 4], "texture": "#0"}
			}
		},
		{
			"from": [6, 0, 5],
			"to": [7, 1, 6],
			"faces": {
				"north": {"uv": [9, 5, 10, 6], "texture": "#0"},
				"east": {"uv": [2, 1, 3, 2], "texture": "#0"},
				"south": {"uv": [9, 3, 10, 4], "texture": "#0"},
				"west": {"uv": [8, 10, 9, 11], "texture": "#0"},
				"up": {"uv": [4, 6, 5, 7], "texture": "#0"},
				"down": {"uv": [6, 3, 7, 4], "texture": "#0"}
			}
		},
		{
			"from": [6, 2, 5],
			"to": [7, 3, 6],
			"faces": {
				"north": {"uv": [9, 5, 10, 6], "texture": "#0"},
				"east": {"uv": [2, 6, 3, 7], "texture": "#0"},
				"south": {"uv": [2, 2, 3, 3], "texture": "#0"},
				"west": {"uv": [8, 10, 9, 11], "texture": "#0"},
				"up": {"uv": [4, 6, 5, 7], "texture": "#0"},
				"down": {"uv": [6, 3, 7, 4], "texture": "#0"}
			}
		},
		{
			"from": [6, 3, 5],
			"to": [7, 4, 6],
			"faces": {
				"north": {"uv": [9, 4, 14, 14], "texture": "#0"},
				"east": {"uv": [2, 3, 3, 4], "texture": "#0"},
				"south": {"uv": [3, 8, 4, 9], "texture": "#0"},
				"west": {"uv": [8, 10, 9, 11], "texture": "#0"},
				"up": {"uv": [4, 6, 5, 7], "texture": "#0"},
				"down": {"uv": [6, 3, 7, 4], "texture": "#0"}
			}
		},
		{
			"from": [7, 3, 5],
			"to": [8, 4, 6],
			"faces": {
				"north": {"uv": [9, 5, 10, 6], "texture": "#0"},
				"east": {"uv": [6, 3, 7, 4], "texture": "#0"},
				"south": {"uv": [2, 2, 3, 3], "texture": "#0"},
				"west": {"uv": [8, 10, 9, 11], "texture": "#0"},
				"up": {"uv": [4, 6, 5, 7], "texture": "#0"},
				"down": {"uv": [7, 5, 8, 6], "texture": "#0"}
			}
		},
		{
			"from": [7, 3, 6],
			"to": [8, 4, 7],
			"faces": {
				"north": {"uv": [9, 5, 10, 6], "texture": "#0"},
				"east": {"uv": [1, 8, 2, 9], "texture": "#0"},
				"south": {"uv": [3, 1, 12, 11], "texture": "#0"},
				"west": {"uv": [8, 10, 9, 11], "texture": "#0"},
				"up": {"uv": [4, 6, 5, 7], "texture": "#0"},
				"down": {"uv": [6, 5, 7, 6], "texture": "#0"}
			}
		},
		{
			"from": [6, 3, 6],
			"to": [7, 4, 7],
			"faces": {
				"north": {"uv": [9, 5, 10, 6], "texture": "#0"},
				"east": {"uv": [2, 2, 3, 3], "texture": "#0"},
				"south": {"uv": [4, 2, 5, 8], "texture": "#0"},
				"west": {"uv": [8, 10, 9, 11], "texture": "#0"},
				"up": {"uv": [4, 6, 5, 7], "texture": "#0"},
				"down": {"uv": [7, 3, 8, 4], "texture": "#0"}
			}
		},
		{
			"from": [6, 1, 5],
			"to": [7, 2, 6],
			"faces": {
				"north": {"uv": [9, 5, 10, 6], "texture": "#0"},
				"east": {"uv": [2, 7, 3, 8], "texture": "#0"},
				"south": {"uv": [2, 1, 3, 2], "texture": "#0"},
				"west": {"uv": [8, 10, 9, 11], "texture": "#0"},
				"up": {"uv": [4, 6, 5, 7], "texture": "#0"},
				"down": {"uv": [6, 2, 7, 3], "texture": "#0"}
			}
		},
		{
			"from": [6, 0, 6],
			"to": [7, 1, 7],
			"faces": {
				"north": {"uv": [9, 5, 10, 6], "texture": "#0"},
				"east": {"uv": [1, 7, 2, 8], "texture": "#0"},
				"south": {"uv": [7, 1, 15, 7], "texture": "#0"},
				"west": {"uv": [8, 10, 9, 11], "texture": "#0"},
				"up": {"uv": [4, 6, 5, 7], "texture": "#0"},
				"down": {"uv": [2, 2, 3, 3], "texture": "#0"}
			}
		},
		{
			"from": [7, 1, 6],
			"to": [8, 2, 7],
			"faces": {
				"north": {"uv": [6, 1, 7, 2], "texture": "#0"},
				"east": {"uv": [5, 6, 8, 7], "texture": "#0"},
				"south": {"uv": [8, 7.94007, 16, 15.94007], "texture": "#1"},
				"west": {"uv": [1, 2, 2, 3], "texture": "#2"},
				"up": {"uv": [3, 2, 4, 3], "texture": "#0"},
				"down": {"uv": [1, 3, 2, 4], "texture": "#0"}
			}
		},
		{
			"from": [6, 1, 6],
			"to": [7, 2, 7],
			"faces": {
				"north": {"uv": [1, 1, 2, 2], "texture": "#0"},
				"east": {"uv": [2, 6, 3, 7], "texture": "#0"},
				"south": {"uv": [0, 8, 8, 16], "texture": "#1"},
				"west": {"uv": [5, 5, 6, 6], "texture": "#0"},
				"up": {"uv": [2, 2, 3, 3], "texture": "#0"},
				"down": {"uv": [3, 1, 4, 2], "texture": "#0"}
			}
		},
		{
			"from": [6, 2, 6],
			"to": [7, 3, 7],
			"faces": {
				"north": {"uv": [8.56929, 12.8839, 9.56929, 13.8839], "texture": "#0"},
				"east": {"uv": [2.397, 5.31461, 3.397, 6.31461], "texture": "#1"},
				"south": {"uv": [0, 0, 8, 8], "texture": "#1"},
				"west": {"uv": [1, 1, 3, 2], "texture": "#0"},
				"up": {"uv": [9, 6, 8, 5], "texture": "#0"},
				"down": {"uv": [3, 0, 2, 1], "texture": "#1"}
			}
		},
		{
			"from": [7, 2, 6],
			"to": [8, 3, 7],
			"faces": {
				"north": {"uv": [6, 1, 7, 2], "texture": "#0"},
				"east": {"uv": [6, 6, 7, 7], "texture": "#0"},
				"south": {"uv": [8, 0, 16, 8], "texture": "#1"},
				"west": {"uv": [1, 2, 2, 3], "texture": "#0"},
				"up": {"uv": [3, 2, 4, 3], "texture": "#0"},
				"down": {"uv": [1, 3, 2, 4], "texture": "#0"}
			}
		},
		{
			"from": [6.1, 4, 5.15],
			"to": [7.85, 4.25, 6.9],
			"faces": {
				"north": {"uv": [5, 3, 6.5, 3.5], "texture": "#0"},
				"east": {"uv": [9, 3, 10.5, 3.5], "texture": "#0"},
				"south": {"uv": [12, 4, 13.5, 4.5], "texture": "#0"},
				"west": {"uv": [4, 9, 5.5, 9.5], "texture": "#0"},
				"up": {"uv": [7, 3, 8.5, 4.5], "texture": "#0"},
				"down": {"uv": [5, 6, 6.5, 7.5], "texture": "#0"}
			}
		},
		{
			"from": [6.225, 4.25, 5.2],
			"to": [7.725, 4.5, 6.7],
			"faces": {
				"north": {"uv": [5, 3, 6.5, 3.5], "texture": "#0"},
				"east": {"uv": [9, 3, 10.5, 3.5], "texture": "#0"},
				"south": {"uv": [12, 4, 13.5, 4.5], "texture": "#0"},
				"west": {"uv": [4, 9, 5.5, 9.5], "texture": "#0"},
				"up": {"uv": [7, 3, 8.5, 4.5], "texture": "#0"},
				"down": {"uv": [5, 6, 6.5, 7.5], "texture": "#0"}
			}
		},
		{
			"from": [6.325, 4.5, 5.35],
			"to": [7.625, 5.2, 6.65],
			"faces": {
				"north": {"uv": [13.04745, 0.16872, 13.8225, 16], "texture": "#3"},
				"east": {"uv": [5.51142, 0, 4.97715, 15.80316], "texture": "#3"},
				"south": {"uv": [0, 0, 16, 16], "texture": "#3"},
				"west": {"uv": [3.3058, 0, 4.0246, 15.94376], "texture": "#3"},
				"up": {"uv": [1, 3, 0, 2], "texture": "#0"},
				"down": {"uv": [4.20914, 0.50615, 3.20914, 1.50615], "texture": "#3"}
			}
		},
		{
			"from": [6.425, 5.2, 5.47],
			"to": [7.525, 5.9, 6.57],
			"faces": {
				"north": {"uv": [13.04745, 0.16872, 13.8225, 16], "texture": "#0"},
				"east": {"uv": [5.51142, 0, 4.97715, 15.80316], "texture": "#0"},
				"south": {"uv": [3, 2, 15, 13], "texture": "#0"},
				"west": {"uv": [3.3058, 0, 4.0246, 15.94376], "texture": "#0"},
				"up": {"uv": [1, 3, 0, 2], "texture": "#0"},
				"down": {"uv": [4.20914, 0.50615, 3.20914, 1.50615], "texture": "#0"}
			}
		},
		{
			"from": [6.47, 5.9, 5.52],
			"to": [7.47, 6.7, 6.52],
			"faces": {
				"north": {"uv": [13.04745, 0.16872, 13.8225, 16], "texture": "#4"},
				"east": {"uv": [5.51142, 0, 4.97715, 15.80316], "texture": "#4"},
				"south": {"uv": [2, 2, 15, 16], "texture": "#4"},
				"west": {"uv": [3.3058, 0, 4.0246, 15.94376], "texture": "#4"},
				"up": {"uv": [16, 3, 0, 4], "texture": "#4"},
				"down": {"uv": [4.20914, 0.50615, 3.20914, 1.50615], "texture": "#0"}
			}
		},
		{
			"from": [6.42, 6.7, 5.52],
			"to": [7.52, 7.15, 6.52],
			"faces": {
				"north": {"uv": [0, 0, 16, 16], "texture": "#5"},
				"east": {"uv": [0, 0, 15.94224, 16], "texture": "#5"},
				"south": {"uv": [0, 0, 16, 16], "texture": "#5"},
				"west": {"uv": [0, 0, 16, 16], "texture": "#5"},
				"up": {"uv": [6.87365, 2.31047, 11.00361, 6.23827], "texture": "#5"},
				"down": {"uv": [0, 0, 0, 0], "texture": "#5"}
			}
		}
	],
	"display": {
		"thirdperson_righthand": {
			"rotation": [32, -177.5, -13],
			"translation": [-2.25, 5, 1.25]
		},
		"thirdperson_lefthand": {
			"rotation": [26, -158, 0],
			"translation": [0, 6, 0.5]
		},
		"firstperson_righthand": {
			"rotation": [-13, -25, 0],
			"translation": [4.25, 5.25, -1]
		},
		"firstperson_lefthand": {
			"rotation": [-13, -19, 0],
			"translation": [2, 5.75, -1]
		},
		"ground": {
			"translation": [1, 4, 1.75]
		},
		"gui": {
			"rotation": [0, 0, -45],
			"translation": [10, 6.5, 0],
			"scale": [2.5, 2.5, 2.5]
		},
		"head": {
			"rotation": [0, -169, 0],
			"translation": [0, -29.25, -4],
			"scale": [1.75, 1.75, 1.75]
		},
		"fixed": {
			"rotation": [0, -180, 0],
			"translation": [-2, 9.75, -4],
			"scale": [2, 2, 2]
		}
	},
	"groups": [
		{
			"name": "gelb",
			"origin": [0, 0, 0],
			"color": 0,
			"children": []
		},
		0,
		1,
		2,
		3,
		4,
		5,
		6,
		7,
		8,
		9,
		10,
		11,
		{
			"name": "etiquette",
			"origin": [0, 0, 0],
			"color": 0,
			"children": []
		},
		12,
		13,
		14,
		15,
		{
			"name": "zwischenebene",
			"origin": [0, 0, 0],
			"color": 0,
			"children": []
		},
		16,
		17,
		18,
		19,
		20,
		21,
		{
			"name": "group",
			"origin": [0, 0, 0],
			"color": 0,
			"children": []
		}
	]
}