{
	"credit": "Made with Blockbench",
	"texture_size": [32, 32],
	"textures": {
		"0": "custom/monitor",
		"particle": "custom/monitor"
	},
	"elements": [
		{
			"from": [7, 0, 12.5],
			"to": [9, 2, 13.5],
			"faces": {
				"north": {"uv": [10, 10.5, 11, 11.5], "texture": "#0"},
				"east": {"uv": [8, 12, 8.5, 13], "texture": "#0"},
				"south": {"uv": [9, 12.5, 10, 13.5], "texture": "#0"},
				"west": {"uv": [9, 11.5, 9.5, 12.5], "texture": "#0"},
				"up": {"uv": [7, 12, 8, 12.5], "texture": "#0"},
				"down": {"uv": [7.5, 11.5, 8.5, 12], "texture": "#0"}
			}
		},
		{
			"from": [6, 0, 11.5],
			"to": [10, 1, 14.5],
			"faces": {
				"north": {"uv": [8.5, 12.5, 9.5, 13.5], "texture": "#0"},
				"east": {"uv": [9.5, 13, 10, 14], "texture": "#0"},
				"south": {"uv": [8.5, 13.5, 9.5, 14.5], "texture": "#0"},
				"west": {"uv": [9, 11.5, 9.5, 12.5], "texture": "#0"},
				"up": {"uv": [9, 15, 10, 15.5], "texture": "#0"},
				"down": {"uv": [8.5, 14.5, 9.5, 15], "texture": "#0"}
			}
		},
		{
			"from": [2, 10, 12.25],
			"to": [14, 11, 12.5],
			"faces": {
				"north": {"uv": [10, 10.5, 16, 11], "texture": "#0"},
				"east": {"uv": [10, 11.5, 10.125, 12], "texture": "#0"},
				"south": {"uv": [10, 10.5, 16, 11], "texture": "#0"},
				"west": {"uv": [9, 11.5, 9.125, 12], "texture": "#0"},
				"up": {"uv": [10, 11.5, 16, 11.625], "texture": "#0"},
				"down": {"uv": [10, 11.5, 16, 11.625], "texture": "#0"}
			}
		},
		{
			"from": [2, 2, 12.25],
			"to": [14, 3, 12.5],
			"faces": {
				"north": {"uv": [10, 11, 16, 11.5], "texture": "#0"},
				"east": {"uv": [10, 11.5, 10.125, 12], "texture": "#0"},
				"south": {"uv": [10, 10.5, 16, 11], "texture": "#0"},
				"west": {"uv": [9, 11.5, 9.125, 12], "texture": "#0"},
				"up": {"uv": [10, 11.5, 16, 11.625], "texture": "#0"},
				"down": {"uv": [10, 11.5, 16, 11.625], "texture": "#0"}
			}
		},
		{
			"from": [13, 3, 12.25],
			"to": [14, 10, 12.5],
			"faces": {
				"north": {"uv": [9.5, 11.5, 10, 15], "texture": "#0"},
				"east": {"uv": [10, 11.5, 10.125, 15], "texture": "#0"},
				"south": {"uv": [10, 11.5, 10.5, 15], "texture": "#0"},
				"west": {"uv": [9, 11.5, 9.125, 15], "texture": "#0"},
				"up": {"uv": [10, 11.5, 10.5, 11.625], "texture": "#0"},
				"down": {"uv": [10, 11.5, 10.5, 11.625], "texture": "#0"}
			}
		},
		{
			"from": [2, 3, 12.25],
			"to": [3, 10, 12.5],
			"faces": {
				"north": {"uv": [9, 11.5, 9.5, 15], "texture": "#0"},
				"east": {"uv": [10, 11.5, 10.125, 15], "texture": "#0"},
				"south": {"uv": [10, 11.5, 10.5, 15], "texture": "#0"},
				"west": {"uv": [9, 11.5, 9.125, 15], "texture": "#0"},
				"up": {"uv": [10, 11.5, 10.5, 11.625], "texture": "#0"},
				"down": {"uv": [10, 11.5, 10.5, 11.625], "texture": "#0"}
			}
		},
		{
			"from": [2, 2, 12.5],
			"to": [14, 11, 13.75],
			"faces": {
				"north": {"uv": [10, 11.5, 16, 16], "texture": "#0"},
				"east": {"uv": [9, 11.5, 9.625, 16], "texture": "#0"},
				"south": {"uv": [3, 11.5, 9, 16], "texture": "#0"},
				"west": {"uv": [9.5, 11.5, 10.125, 16], "texture": "#0"},
				"up": {"uv": [10, 10.5, 16, 11.125], "texture": "#0"},
				"down": {"uv": [10, 11, 16, 11.625], "texture": "#0"}
			}
		},
		{
			"from": [3, 0, 2],
			"to": [8, 1, 3],
			"rotation": {"angle": 22.5, "axis": "y", "origin": [8.0769, 1.00205, 6.12906]},
			"faces": {
				"north": {"uv": [12, 0, 14.5, 0.5], "texture": "#0"},
				"east": {"uv": [15.5, 0, 16, 0.5], "texture": "#0"},
				"south": {"uv": [12, 1.5, 14.5, 2], "texture": "#0"},
				"west": {"uv": [12, 0.5, 12.5, 1], "texture": "#0"},
				"up": {"uv": [12, 1, 14.5, 1.5], "texture": "#0"},
				"down": {"uv": [12.5, 0.5, 15, 1], "texture": "#0"}
			}
		},
		{
			"from": [4, 0, 1],
			"to": [7, 1, 2],
			"rotation": {"angle": 22.5, "axis": "y", "origin": [8.0769, 1.00205, 6.12906]},
			"faces": {
				"north": {"uv": [12, 0, 13.5, 0.5], "texture": "#0"},
				"east": {"uv": [15.5, 0, 16, 0.5], "texture": "#0"},
				"south": {"uv": [12, 1.5, 13.5, 2], "texture": "#0"},
				"west": {"uv": [12, 0.5, 12.5, 1], "texture": "#0"},
				"up": {"uv": [12, 1, 13.5, 1.5], "texture": "#0"},
				"down": {"uv": [12.5, 0.5, 14, 1], "texture": "#0"}
			}
		},
		{
			"from": [2, 0, 3],
			"to": [9, 1, 4],
			"rotation": {"angle": 22.5, "axis": "y", "origin": [8.0769, 1.00205, 6.12906]},
			"faces": {
				"north": {"uv": [12, 0, 15.5, 0.5], "texture": "#0"},
				"east": {"uv": [15.5, 0, 16, 0.5], "texture": "#0"},
				"south": {"uv": [12, 1.5, 15.5, 2], "texture": "#0"},
				"west": {"uv": [12, 0.5, 12.5, 1], "texture": "#0"},
				"up": {"uv": [12, 1, 15.5, 1.5], "texture": "#0"},
				"down": {"uv": [12.5, 0.5, 16, 1], "texture": "#0"}
			}
		},
		{
			"from": [3, 0, 4],
			"to": [10, 1, 5],
			"rotation": {"angle": 22.5, "axis": "y", "origin": [8.0769, 1.00205, 6.12906]},
			"faces": {
				"north": {"uv": [12, 0, 15.5, 0.5], "texture": "#0"},
				"east": {"uv": [15.5, 0, 16, 0.5], "texture": "#0"},
				"south": {"uv": [12, 1.5, 15.5, 2], "texture": "#0"},
				"west": {"uv": [12, 0.5, 12.5, 1], "texture": "#0"},
				"up": {"uv": [12, 1, 15.5, 1.5], "texture": "#0"},
				"down": {"uv": [12.5, 0.5, 16, 1], "texture": "#0"}
			}
		},
		{
			"from": [4, 0, 5],
			"to": [11, 1, 6],
			"rotation": {"angle": 22.5, "axis": "y", "origin": [8.0769, 1.00205, 6.12906]},
			"faces": {
				"north": {"uv": [12, 0, 15.5, 0.5], "texture": "#0"},
				"east": {"uv": [15.5, 0, 16, 0.5], "texture": "#0"},
				"south": {"uv": [12, 1.5, 15.5, 2], "texture": "#0"},
				"west": {"uv": [12, 0.5, 12.5, 1], "texture": "#0"},
				"up": {"uv": [12, 1, 15.5, 1.5], "texture": "#0"},
				"down": {"uv": [12.5, 0.5, 16, 1], "texture": "#0"}
			}
		},
		{
			"from": [5, 0, 6],
			"to": [12, 1, 7],
			"rotation": {"angle": 22.5, "axis": "y", "origin": [8.0769, 1.00205, 6.12906]},
			"faces": {
				"north": {"uv": [12, 0, 15.5, 0.5], "texture": "#0"},
				"east": {"uv": [15.5, 0, 16, 0.5], "texture": "#0"},
				"south": {"uv": [12, 1.5, 15.5, 2], "texture": "#0"},
				"west": {"uv": [12, 0.5, 12.5, 1], "texture": "#0"},
				"up": {"uv": [12, 1, 15.5, 1.5], "texture": "#0"},
				"down": {"uv": [12.5, 0.5, 16, 1], "texture": "#0"}
			}
		},
		{
			"from": [6, 0, 7],
			"to": [13, 1, 8],
			"rotation": {"angle": 22.5, "axis": "y", "origin": [8.0769, 1.00205, 6.12906]},
			"faces": {
				"north": {"uv": [12, 0, 15.5, 0.5], "texture": "#0"},
				"east": {"uv": [15.5, 0, 16, 0.5], "texture": "#0"},
				"south": {"uv": [12, 1.5, 15.5, 2], "texture": "#0"},
				"west": {"uv": [12, 0.5, 12.5, 1], "texture": "#0"},
				"up": {"uv": [12, 1, 15.5, 1.5], "texture": "#0"},
				"down": {"uv": [12.5, 0.5, 16, 1], "texture": "#0"}
			}
		},
		{
			"from": [7, 0, 8],
			"to": [14, 1, 9],
			"rotation": {"angle": 22.5, "axis": "y", "origin": [8.0769, 1.00205, 6.12906]},
			"faces": {
				"north": {"uv": [12, 0, 15.5, 0.5], "texture": "#0"},
				"east": {"uv": [15.5, 0, 16, 0.5], "texture": "#0"},
				"south": {"uv": [12, 1.5, 15.5, 2], "texture": "#0"},
				"west": {"uv": [12, 0.5, 12.5, 1], "texture": "#0"},
				"up": {"uv": [12, 1, 15.5, 1.5], "texture": "#0"},
				"down": {"uv": [12.5, 0.5, 16, 1], "texture": "#0"}
			}
		},
		{
			"from": [8, 0, 9],
			"to": [13, 1, 10],
			"rotation": {"angle": 22.5, "axis": "y", "origin": [8.0769, 1.00205, 6.12906]},
			"faces": {
				"north": {"uv": [12, 0, 14.5, 0.5], "texture": "#0"},
				"east": {"uv": [15.5, 0, 16, 0.5], "texture": "#0"},
				"south": {"uv": [12, 1.5, 14.5, 2], "texture": "#0"},
				"west": {"uv": [12, 0.5, 12.5, 1], "texture": "#0"},
				"up": {"uv": [12, 1, 14.5, 1.5], "texture": "#0"},
				"down": {"uv": [12.5, 0.5, 15, 1], "texture": "#0"}
			}
		},
		{
			"from": [9, 0, 10],
			"to": [12, 1, 11],
			"rotation": {"angle": 22.5, "axis": "y", "origin": [8.0769, 1.00205, 6.12906]},
			"faces": {
				"north": {"uv": [12, 0, 13.5, 0.5], "texture": "#0"},
				"east": {"uv": [15.5, 0, 16, 0.5], "texture": "#0"},
				"south": {"uv": [12, 1.5, 13.5, 2], "texture": "#0"},
				"west": {"uv": [12, 0.5, 12.5, 1], "texture": "#0"},
				"up": {"uv": [12, 1, 13.5, 1.5], "texture": "#0"},
				"down": {"uv": [12.5, 0.5, 14, 1], "texture": "#0"}
			}
		},
		{
			"from": [10, 0, 11],
			"to": [11, 1, 12],
			"rotation": {"angle": 22.5, "axis": "y", "origin": [8.0769, 1.00205, 6.12906]},
			"faces": {
				"north": {"uv": [12, 0, 12.5, 0.5], "texture": "#0"},
				"east": {"uv": [15.5, 0, 16, 0.5], "texture": "#0"},
				"south": {"uv": [12, 1.5, 12.5, 2], "texture": "#0"},
				"west": {"uv": [12, 0.5, 12.5, 1], "texture": "#0"},
				"up": {"uv": [12, 1, 12.5, 1.5], "texture": "#0"},
				"down": {"uv": [12.5, 0.5, 13, 1], "texture": "#0"}
			}
		},
		{
			"from": [5, 0, 0],
			"to": [6, 1, 1],
			"rotation": {"angle": 22.5, "axis": "y", "origin": [8.0769, 1.00205, 6.12906]},
			"faces": {
				"north": {"uv": [12, 0, 12.5, 0.5], "texture": "#0"},
				"east": {"uv": [15.5, 0, 16, 0.5], "texture": "#0"},
				"south": {"uv": [12, 1.5, 12.5, 2], "texture": "#0"},
				"west": {"uv": [12, 0.5, 12.5, 1], "texture": "#0"},
				"up": {"uv": [12, 1, 12.5, 1.5], "texture": "#0"},
				"down": {"uv": [12.5, 0.5, 13, 1], "texture": "#0"}
			}
		},
		{
			"from": [5.14573, 1, 6.09218],
			"to": [6.14573, 1.25, 6.59218],
			"rotation": {"angle": -22.5, "axis": "y", "origin": [8.0769, 1.00205, 6.12906]},
			"faces": {
				"north": {"uv": [1.5, 0, 2, 0.25], "texture": "#0"},
				"east": {"uv": [2.5, 0.5, 2.75, 0.75], "texture": "#0"},
				"south": {"uv": [1.5, 0.5, 2, 0.75], "texture": "#0"},
				"west": {"uv": [1, 2.5, 1.25, 2.75], "texture": "#0"},
				"up": {"uv": [2, 1.25, 1.5, 1], "texture": "#0"},
				"down": {"uv": [2, 1.5, 1.5, 1.75], "texture": "#0"}
			}
		},
		{
			"from": [6.39573, 1, 6.09218],
			"to": [6.89573, 1.25, 6.59218],
			"rotation": {"angle": -22.5, "axis": "y", "origin": [8.0769, 1.00205, 6.12906]},
			"faces": {
				"north": {"uv": [2.5, 1, 2.75, 1.25], "texture": "#0"},
				"east": {"uv": [1.5, 2.5, 1.75, 2.75], "texture": "#0"},
				"south": {"uv": [2.5, 1.5, 2.75, 1.75], "texture": "#0"},
				"west": {"uv": [2, 2.5, 2.25, 2.75], "texture": "#0"},
				"up": {"uv": [2.75, 2.25, 2.5, 2], "texture": "#0"},
				"down": {"uv": [2.75, 2.5, 2.5, 2.75], "texture": "#0"}
			}
		},
		{
			"from": [7.14573, 1, 6.09218],
			"to": [7.64573, 1.25, 6.59218],
			"rotation": {"angle": -22.5, "axis": "y", "origin": [8.0769, 1.00205, 6.12906]},
			"faces": {
				"north": {"uv": [0, 3, 0.25, 3.25], "texture": "#0"},
				"east": {"uv": [3, 0, 3.25, 0.25], "texture": "#0"},
				"south": {"uv": [0.5, 3, 0.75, 3.25], "texture": "#0"},
				"west": {"uv": [3, 0.5, 3.25, 0.75], "texture": "#0"},
				"up": {"uv": [1.25, 3.25, 1, 3], "texture": "#0"},
				"down": {"uv": [3.25, 1, 3, 1.25], "texture": "#0"}
			}
		},
		{
			"from": [7.89573, 1, 6.09218],
			"to": [8.39573, 1.25, 6.59218],
			"rotation": {"angle": -22.5, "axis": "y", "origin": [8.0769, 1.00205, 6.12906]},
			"faces": {
				"north": {"uv": [1.5, 3, 1.75, 3.25], "texture": "#0"},
				"east": {"uv": [3, 1.5, 3.25, 1.75], "texture": "#0"},
				"south": {"uv": [2, 3, 2.25, 3.25], "texture": "#0"},
				"west": {"uv": [3, 2, 3.25, 2.25], "texture": "#0"},
				"up": {"uv": [2.75, 3.25, 2.5, 3], "texture": "#0"},
				"down": {"uv": [3.25, 2.5, 3, 2.75], "texture": "#0"}
			}
		},
		{
			"from": [8.64573, 1, 6.09218],
			"to": [9.14573, 1.25, 6.59218],
			"rotation": {"angle": -22.5, "axis": "y", "origin": [8.0769, 1.00205, 6.12906]},
			"faces": {
				"north": {"uv": [3, 3, 3.25, 3.25], "texture": "#0"},
				"east": {"uv": [0, 3.5, 0.25, 3.75], "texture": "#0"},
				"south": {"uv": [3.5, 0, 3.75, 0.25], "texture": "#0"},
				"west": {"uv": [0.5, 3.5, 0.75, 3.75], "texture": "#0"},
				"up": {"uv": [3.75, 0.75, 3.5, 0.5], "texture": "#0"},
				"down": {"uv": [1.25, 3.5, 1, 3.75], "texture": "#0"}
			}
		},
		{
			"from": [9.39573, 1, 6.09218],
			"to": [9.89573, 1.25, 6.59218],
			"rotation": {"angle": -22.5, "axis": "y", "origin": [8.0769, 1.00205, 6.12906]},
			"faces": {
				"north": {"uv": [3.5, 1, 3.75, 1.25], "texture": "#0"},
				"east": {"uv": [1.5, 3.5, 1.75, 3.75], "texture": "#0"},
				"south": {"uv": [3.5, 1.5, 3.75, 1.75], "texture": "#0"},
				"west": {"uv": [2, 3.5, 2.25, 3.75], "texture": "#0"},
				"up": {"uv": [3.75, 2.25, 3.5, 2], "texture": "#0"},
				"down": {"uv": [2.75, 3.5, 2.5, 3.75], "texture": "#0"}
			}
		},
		{
			"from": [10.14573, 1, 6.09218],
			"to": [10.64573, 1.25, 6.59218],
			"rotation": {"angle": -22.5, "axis": "y", "origin": [8.0769, 1.00205, 6.12906]},
			"faces": {
				"north": {"uv": [3.5, 2.5, 3.75, 2.75], "texture": "#0"},
				"east": {"uv": [3, 3.5, 3.25, 3.75], "texture": "#0"},
				"south": {"uv": [3.5, 3, 3.75, 3.25], "texture": "#0"},
				"west": {"uv": [3.5, 3.5, 3.75, 3.75], "texture": "#0"},
				"up": {"uv": [0.25, 4.25, 0, 4], "texture": "#0"},
				"down": {"uv": [4.25, 0, 4, 0.25], "texture": "#0"}
			}
		},
		{
			"from": [10.89573, 1, 6.09218],
			"to": [11.39573, 1.25, 6.59218],
			"rotation": {"angle": -22.5, "axis": "y", "origin": [8.0769, 1.00205, 6.12906]},
			"faces": {
				"north": {"uv": [0.5, 4, 0.75, 4.25], "texture": "#0"},
				"east": {"uv": [4, 0.5, 4.25, 0.75], "texture": "#0"},
				"south": {"uv": [1, 4, 1.25, 4.25], "texture": "#0"},
				"west": {"uv": [4, 1, 4.25, 1.25], "texture": "#0"},
				"up": {"uv": [1.75, 4.25, 1.5, 4], "texture": "#0"},
				"down": {"uv": [4.25, 1.5, 4, 1.75], "texture": "#0"}
			}
		},
		{
			"from": [11.64573, 1, 6.09218],
			"to": [12.14573, 1.25, 6.59218],
			"rotation": {"angle": -22.5, "axis": "y", "origin": [8.0769, 1.00205, 6.12906]},
			"faces": {
				"north": {"uv": [2, 4, 2.25, 4.25], "texture": "#0"},
				"east": {"uv": [4, 2, 4.25, 2.25], "texture": "#0"},
				"south": {"uv": [2.5, 4, 2.75, 4.25], "texture": "#0"},
				"west": {"uv": [4, 2.5, 4.25, 2.75], "texture": "#0"},
				"up": {"uv": [3.25, 4.25, 3, 4], "texture": "#0"},
				"down": {"uv": [4.25, 3, 4, 3.25], "texture": "#0"}
			}
		},
		{
			"from": [12.39573, 1, 6.09218],
			"to": [13.14573, 1.25, 6.59218],
			"rotation": {"angle": -22.5, "axis": "y", "origin": [8.0769, 1.00205, 6.12906]},
			"faces": {
				"north": {"uv": [0, 2, 0.5, 2.25], "texture": "#0"},
				"east": {"uv": [3.5, 4, 3.75, 4.25], "texture": "#0"},
				"south": {"uv": [2, 0, 2.5, 0.25], "texture": "#0"},
				"west": {"uv": [4, 3.5, 4.25, 3.75], "texture": "#0"},
				"up": {"uv": [1, 2.25, 0.5, 2], "texture": "#0"},
				"down": {"uv": [2.5, 0.5, 2, 0.75], "texture": "#0"}
			}
		},
		{
			"from": [5.14573, 1, 4.59218],
			"to": [6.14573, 1.25, 5.09218],
			"rotation": {"angle": -22.5, "axis": "y", "origin": [8.0769, 1.00205, 6.12906]},
			"faces": {
				"north": {"uv": [1, 2, 1.5, 2.25], "texture": "#0"},
				"east": {"uv": [4, 4, 4.25, 4.25], "texture": "#0"},
				"south": {"uv": [2, 1, 2.5, 1.25], "texture": "#0"},
				"west": {"uv": [0, 4.5, 0.25, 4.75], "texture": "#0"},
				"up": {"uv": [2, 2.25, 1.5, 2], "texture": "#0"},
				"down": {"uv": [2.5, 1.5, 2, 1.75], "texture": "#0"}
			}
		},
		{
			"from": [4.39573, 1, 4.59218],
			"to": [4.89573, 1.25, 5.09218],
			"rotation": {"angle": -22.5, "axis": "y", "origin": [8.0769, 1.00205, 6.12906]},
			"faces": {
				"north": {"uv": [4.5, 0, 4.75, 0.25], "texture": "#0"},
				"east": {"uv": [0.5, 4.5, 0.75, 4.75], "texture": "#0"},
				"south": {"uv": [4.5, 0.5, 4.75, 0.75], "texture": "#0"},
				"west": {"uv": [1, 4.5, 1.25, 4.75], "texture": "#0"},
				"up": {"uv": [4.75, 1.25, 4.5, 1], "texture": "#0"},
				"down": {"uv": [1.75, 4.5, 1.5, 4.75], "texture": "#0"}
			}
		},
		{
			"from": [3.64573, 1, 4.59218],
			"to": [4.14573, 1.25, 5.09218],
			"rotation": {"angle": -22.5, "axis": "y", "origin": [8.0769, 1.00205, 6.12906]},
			"faces": {
				"north": {"uv": [4.5, 1.5, 4.75, 1.75], "texture": "#0"},
				"east": {"uv": [2, 4.5, 2.25, 4.75], "texture": "#0"},
				"south": {"uv": [4.5, 2, 4.75, 2.25], "texture": "#0"},
				"west": {"uv": [2.5, 4.5, 2.75, 4.75], "texture": "#0"},
				"up": {"uv": [4.75, 2.75, 4.5, 2.5], "texture": "#0"},
				"down": {"uv": [3.25, 4.5, 3, 4.75], "texture": "#0"}
			}
		},
		{
			"from": [2.89573, 1, 4.59218],
			"to": [3.39573, 1.25, 5.09218],
			"rotation": {"angle": -22.5, "axis": "y", "origin": [8.0769, 1.00205, 6.12906]},
			"faces": {
				"north": {"uv": [4.5, 3, 4.75, 3.25], "texture": "#0"},
				"east": {"uv": [3.5, 4.5, 3.75, 4.75], "texture": "#0"},
				"south": {"uv": [4.5, 3.5, 4.75, 3.75], "texture": "#0"},
				"west": {"uv": [4, 4.5, 4.25, 4.75], "texture": "#0"},
				"up": {"uv": [4.75, 4.25, 4.5, 4], "texture": "#0"},
				"down": {"uv": [4.75, 4.5, 4.5, 4.75], "texture": "#0"}
			}
		},
		{
			"from": [3.64573, 1, 6.09218],
			"to": [4.14573, 1.25, 6.59218],
			"rotation": {"angle": -22.5, "axis": "y", "origin": [8.0769, 1.00205, 6.12906]},
			"faces": {
				"north": {"uv": [0, 5, 0.25, 5.25], "texture": "#0"},
				"east": {"uv": [5, 0, 5.25, 0.25], "texture": "#0"},
				"south": {"uv": [0.5, 5, 0.75, 5.25], "texture": "#0"},
				"west": {"uv": [5, 0.5, 5.25, 0.75], "texture": "#0"},
				"up": {"uv": [1.25, 5.25, 1, 5], "texture": "#0"},
				"down": {"uv": [5.25, 1, 5, 1.25], "texture": "#0"}
			}
		},
		{
			"from": [2.89573, 1, 6.09218],
			"to": [3.39573, 1.25, 6.59218],
			"rotation": {"angle": -22.5, "axis": "y", "origin": [8.0769, 1.00205, 6.12906]},
			"faces": {
				"north": {"uv": [1.5, 5, 1.75, 5.25], "texture": "#0"},
				"east": {"uv": [5, 1.5, 5.25, 1.75], "texture": "#0"},
				"south": {"uv": [2, 5, 2.25, 5.25], "texture": "#0"},
				"west": {"uv": [5, 2, 5.25, 2.25], "texture": "#0"},
				"up": {"uv": [2.75, 5.25, 2.5, 5], "texture": "#0"},
				"down": {"uv": [5.25, 2.5, 5, 2.75], "texture": "#0"}
			}
		},
		{
			"from": [4.39573, 1, 6.09218],
			"to": [4.89573, 1.25, 6.59218],
			"rotation": {"angle": -22.5, "axis": "y", "origin": [8.0769, 1.00205, 6.12906]},
			"faces": {
				"north": {"uv": [3, 5, 3.25, 5.25], "texture": "#0"},
				"east": {"uv": [5, 3, 5.25, 3.25], "texture": "#0"},
				"south": {"uv": [3.5, 5, 3.75, 5.25], "texture": "#0"},
				"west": {"uv": [5, 3.5, 5.25, 3.75], "texture": "#0"},
				"up": {"uv": [4.25, 5.25, 4, 5], "texture": "#0"},
				"down": {"uv": [5.25, 4, 5, 4.25], "texture": "#0"}
			}
		},
		{
			"from": [6.39573, 1, 4.59218],
			"to": [6.89573, 1.25, 5.09218],
			"rotation": {"angle": -22.5, "axis": "y", "origin": [8.0769, 1.00205, 6.12906]},
			"faces": {
				"north": {"uv": [4.5, 5, 4.75, 5.25], "texture": "#0"},
				"east": {"uv": [5, 4.5, 5.25, 4.75], "texture": "#0"},
				"south": {"uv": [5, 5, 5.25, 5.25], "texture": "#0"},
				"west": {"uv": [0, 5.5, 0.25, 5.75], "texture": "#0"},
				"up": {"uv": [5.75, 0.25, 5.5, 0], "texture": "#0"},
				"down": {"uv": [0.75, 5.5, 0.5, 5.75], "texture": "#0"}
			}
		},
		{
			"from": [7.14573, 1, 4.59218],
			"to": [7.64573, 1.25, 5.09218],
			"rotation": {"angle": -22.5, "axis": "y", "origin": [8.0769, 1.00205, 6.12906]},
			"faces": {
				"north": {"uv": [5.5, 0.5, 5.75, 0.75], "texture": "#0"},
				"east": {"uv": [1, 5.5, 1.25, 5.75], "texture": "#0"},
				"south": {"uv": [5.5, 1, 5.75, 1.25], "texture": "#0"},
				"west": {"uv": [1.5, 5.5, 1.75, 5.75], "texture": "#0"},
				"up": {"uv": [5.75, 1.75, 5.5, 1.5], "texture": "#0"},
				"down": {"uv": [2.25, 5.5, 2, 5.75], "texture": "#0"}
			}
		},
		{
			"from": [7.89573, 1, 4.59218],
			"to": [10.64573, 1.25, 5.09218],
			"rotation": {"angle": -22.5, "axis": "y", "origin": [8.0769, 1.00205, 6.12906]},
			"faces": {
				"north": {"uv": [0, 0, 1.25, 0.25], "texture": "#0"},
				"east": {"uv": [5.5, 2, 5.75, 2.25], "texture": "#0"},
				"south": {"uv": [0, 0.5, 1.25, 0.75], "texture": "#0"},
				"west": {"uv": [2.5, 5.5, 2.75, 5.75], "texture": "#0"},
				"up": {"uv": [1.25, 1.25, 0, 1], "texture": "#0"},
				"down": {"uv": [1.25, 1.5, 0, 1.75], "texture": "#0"}
			}
		},
		{
			"from": [10.89573, 1, 4.59218],
			"to": [11.39573, 1.25, 5.09218],
			"rotation": {"angle": -22.5, "axis": "y", "origin": [8.0769, 1.00205, 6.12906]},
			"faces": {
				"north": {"uv": [5.5, 2.5, 5.75, 2.75], "texture": "#0"},
				"east": {"uv": [3, 5.5, 3.25, 5.75], "texture": "#0"},
				"south": {"uv": [5.5, 3, 5.75, 3.25], "texture": "#0"},
				"west": {"uv": [3.5, 5.5, 3.75, 5.75], "texture": "#0"},
				"up": {"uv": [5.75, 3.75, 5.5, 3.5], "texture": "#0"},
				"down": {"uv": [4.25, 5.5, 4, 5.75], "texture": "#0"}
			}
		},
		{
			"from": [11.64573, 1, 4.59218],
			"to": [12.14573, 1.25, 5.09218],
			"rotation": {"angle": -22.5, "axis": "y", "origin": [8.0769, 1.00205, 6.12906]},
			"faces": {
				"north": {"uv": [5.5, 4, 5.75, 4.25], "texture": "#0"},
				"east": {"uv": [4.5, 5.5, 4.75, 5.75], "texture": "#0"},
				"south": {"uv": [5.5, 4.5, 5.75, 4.75], "texture": "#0"},
				"west": {"uv": [5, 5.5, 5.25, 5.75], "texture": "#0"},
				"up": {"uv": [5.75, 5.25, 5.5, 5], "texture": "#0"},
				"down": {"uv": [5.75, 5.5, 5.5, 5.75], "texture": "#0"}
			}
		},
		{
			"from": [12.39573, 1, 4.59218],
			"to": [13.14573, 1.25, 5.09218],
			"rotation": {"angle": -22.5, "axis": "y", "origin": [8.0769, 1.00205, 6.12906]},
			"faces": {
				"north": {"uv": [2, 2, 2.5, 2.25], "texture": "#0"},
				"east": {"uv": [0, 6, 0.25, 6.25], "texture": "#0"},
				"south": {"uv": [0, 2.5, 0.5, 2.75], "texture": "#0"},
				"west": {"uv": [6, 0, 6.25, 0.25], "texture": "#0"},
				"up": {"uv": [3, 0.25, 2.5, 0], "texture": "#0"},
				"down": {"uv": [1, 2.5, 0.5, 2.75], "texture": "#0"}
			}
		},
		{
			"from": [5.14573, 1, 5.34218],
			"to": [5.64573, 1.25, 5.84218],
			"rotation": {"angle": -22.5, "axis": "y", "origin": [8.0769, 1.00205, 6.12906]},
			"faces": {
				"north": {"uv": [0.5, 6, 0.75, 6.25], "texture": "#0"},
				"east": {"uv": [6, 0.5, 6.25, 0.75], "texture": "#0"},
				"south": {"uv": [1, 6, 1.25, 6.25], "texture": "#0"},
				"west": {"uv": [6, 1, 6.25, 1.25], "texture": "#0"},
				"up": {"uv": [1.75, 6.25, 1.5, 6], "texture": "#0"},
				"down": {"uv": [6.25, 1.5, 6, 1.75], "texture": "#0"}
			}
		},
		{
			"from": [3.64573, 1, 5.34218],
			"to": [4.14573, 1.25, 5.84218],
			"rotation": {"angle": -22.5, "axis": "y", "origin": [8.0769, 1.00205, 6.12906]},
			"faces": {
				"north": {"uv": [2, 6, 2.25, 6.25], "texture": "#0"},
				"east": {"uv": [6, 2, 6.25, 2.25], "texture": "#0"},
				"south": {"uv": [2.5, 6, 2.75, 6.25], "texture": "#0"},
				"west": {"uv": [6, 2.5, 6.25, 2.75], "texture": "#0"},
				"up": {"uv": [3.25, 6.25, 3, 6], "texture": "#0"},
				"down": {"uv": [6.25, 3, 6, 3.25], "texture": "#0"}
			}
		},
		{
			"from": [5.89573, 1, 5.34218],
			"to": [6.39573, 1.25, 5.84218],
			"rotation": {"angle": -22.5, "axis": "y", "origin": [8.0769, 1.00205, 6.12906]},
			"faces": {
				"north": {"uv": [3.5, 6, 3.75, 6.25], "texture": "#0"},
				"east": {"uv": [6, 3.5, 6.25, 3.75], "texture": "#0"},
				"south": {"uv": [4, 6, 4.25, 6.25], "texture": "#0"},
				"west": {"uv": [6, 4, 6.25, 4.25], "texture": "#0"},
				"up": {"uv": [4.75, 6.25, 4.5, 6], "texture": "#0"},
				"down": {"uv": [6.25, 4.5, 6, 4.75], "texture": "#0"}
			}
		},
		{
			"from": [6.64573, 1, 5.34218],
			"to": [7.14573, 1.25, 5.84218],
			"rotation": {"angle": -22.5, "axis": "y", "origin": [8.0769, 1.00205, 6.12906]},
			"faces": {
				"north": {"uv": [5, 6, 5.25, 6.25], "texture": "#0"},
				"east": {"uv": [6, 5, 6.25, 5.25], "texture": "#0"},
				"south": {"uv": [5.5, 6, 5.75, 6.25], "texture": "#0"},
				"west": {"uv": [6, 5.5, 6.25, 5.75], "texture": "#0"},
				"up": {"uv": [6.25, 6.25, 6, 6], "texture": "#0"},
				"down": {"uv": [0.25, 6.5, 0, 6.75], "texture": "#0"}
			}
		},
		{
			"from": [7.39573, 1, 5.34218],
			"to": [7.89573, 1.25, 5.84218],
			"rotation": {"angle": -22.5, "axis": "y", "origin": [8.0769, 1.00205, 6.12906]},
			"faces": {
				"north": {"uv": [6.5, 0, 6.75, 0.25], "texture": "#0"},
				"east": {"uv": [0.5, 6.5, 0.75, 6.75], "texture": "#0"},
				"south": {"uv": [6.5, 0.5, 6.75, 0.75], "texture": "#0"},
				"west": {"uv": [1, 6.5, 1.25, 6.75], "texture": "#0"},
				"up": {"uv": [6.75, 1.25, 6.5, 1], "texture": "#0"},
				"down": {"uv": [1.75, 6.5, 1.5, 6.75], "texture": "#0"}
			}
		},
		{
			"from": [8.14573, 1, 5.34218],
			"to": [8.64573, 1.25, 5.84218],
			"rotation": {"angle": -22.5, "axis": "y", "origin": [8.0769, 1.00205, 6.12906]},
			"faces": {
				"north": {"uv": [6.5, 1.5, 6.75, 1.75], "texture": "#0"},
				"east": {"uv": [2, 6.5, 2.25, 6.75], "texture": "#0"},
				"south": {"uv": [6.5, 2, 6.75, 2.25], "texture": "#0"},
				"west": {"uv": [2.5, 6.5, 2.75, 6.75], "texture": "#0"},
				"up": {"uv": [6.75, 2.75, 6.5, 2.5], "texture": "#0"},
				"down": {"uv": [3.25, 6.5, 3, 6.75], "texture": "#0"}
			}
		},
		{
			"from": [8.89573, 1, 5.34218],
			"to": [9.39573, 1.25, 5.84218],
			"rotation": {"angle": -22.5, "axis": "y", "origin": [8.0769, 1.00205, 6.12906]},
			"faces": {
				"north": {"uv": [6.5, 3, 6.75, 3.25], "texture": "#0"},
				"east": {"uv": [3.5, 6.5, 3.75, 6.75], "texture": "#0"},
				"south": {"uv": [6.5, 3.5, 6.75, 3.75], "texture": "#0"},
				"west": {"uv": [4, 6.5, 4.25, 6.75], "texture": "#0"},
				"up": {"uv": [6.75, 4.25, 6.5, 4], "texture": "#0"},
				"down": {"uv": [4.75, 6.5, 4.5, 6.75], "texture": "#0"}
			}
		},
		{
			"from": [9.64573, 1, 5.34218],
			"to": [10.14573, 1.25, 5.84218],
			"rotation": {"angle": -22.5, "axis": "y", "origin": [8.0769, 1.00205, 6.12906]},
			"faces": {
				"north": {"uv": [6.5, 4.5, 6.75, 4.75], "texture": "#0"},
				"east": {"uv": [5, 6.5, 5.25, 6.75], "texture": "#0"},
				"south": {"uv": [6.5, 5, 6.75, 5.25], "texture": "#0"},
				"west": {"uv": [5.5, 6.5, 5.75, 6.75], "texture": "#0"},
				"up": {"uv": [6.75, 5.75, 6.5, 5.5], "texture": "#0"},
				"down": {"uv": [6.25, 6.5, 6, 6.75], "texture": "#0"}
			}
		},
		{
			"from": [10.39573, 1, 5.34218],
			"to": [10.89573, 1.25, 5.84218],
			"rotation": {"angle": -22.5, "axis": "y", "origin": [8.0769, 1.00205, 6.12906]},
			"faces": {
				"north": {"uv": [6.5, 6, 6.75, 6.25], "texture": "#0"},
				"east": {"uv": [6.5, 6.5, 6.75, 6.75], "texture": "#0"},
				"south": {"uv": [0, 7, 0.25, 7.25], "texture": "#0"},
				"west": {"uv": [7, 0, 7.25, 0.25], "texture": "#0"},
				"up": {"uv": [0.75, 7.25, 0.5, 7], "texture": "#0"},
				"down": {"uv": [7.25, 0.5, 7, 0.75], "texture": "#0"}
			}
		},
		{
			"from": [11.14573, 1, 5.34218],
			"to": [11.64573, 1.25, 5.84218],
			"rotation": {"angle": -22.5, "axis": "y", "origin": [8.0769, 1.00205, 6.12906]},
			"faces": {
				"north": {"uv": [1, 7, 1.25, 7.25], "texture": "#0"},
				"east": {"uv": [7, 1, 7.25, 1.25], "texture": "#0"},
				"south": {"uv": [1.5, 7, 1.75, 7.25], "texture": "#0"},
				"west": {"uv": [7, 1.5, 7.25, 1.75], "texture": "#0"},
				"up": {"uv": [2.25, 7.25, 2, 7], "texture": "#0"},
				"down": {"uv": [7.25, 2, 7, 2.25], "texture": "#0"}
			}
		},
		{
			"from": [11.89573, 1, 5.34218],
			"to": [12.39573, 1.25, 5.84218],
			"rotation": {"angle": -22.5, "axis": "y", "origin": [8.0769, 1.00205, 6.12906]},
			"faces": {
				"north": {"uv": [2.5, 7, 2.75, 7.25], "texture": "#0"},
				"east": {"uv": [7, 2.5, 7.25, 2.75], "texture": "#0"},
				"south": {"uv": [3, 7, 3.25, 7.25], "texture": "#0"},
				"west": {"uv": [7, 3, 7.25, 3.25], "texture": "#0"},
				"up": {"uv": [3.75, 7.25, 3.5, 7], "texture": "#0"},
				"down": {"uv": [7.25, 3.5, 7, 3.75], "texture": "#0"}
			}
		},
		{
			"from": [12.64573, 1, 5.34218],
			"to": [13.14573, 1.25, 5.84218],
			"rotation": {"angle": -22.5, "axis": "y", "origin": [8.0769, 1.00205, 6.12906]},
			"faces": {
				"north": {"uv": [4, 7, 4.25, 7.25], "texture": "#0"},
				"east": {"uv": [7, 4, 7.25, 4.25], "texture": "#0"},
				"south": {"uv": [4.5, 7, 4.75, 7.25], "texture": "#0"},
				"west": {"uv": [7, 4.5, 7.25, 4.75], "texture": "#0"},
				"up": {"uv": [5.25, 7.25, 5, 7], "texture": "#0"},
				"down": {"uv": [7.25, 5, 7, 5.25], "texture": "#0"}
			}
		},
		{
			"from": [2.89573, 1, 7.09218],
			"to": [3.39573, 1.25, 7.59218],
			"rotation": {"angle": -22.5, "axis": "y", "origin": [8.0769, 1.00205, 6.12906]},
			"faces": {
				"north": {"uv": [5.5, 7, 5.75, 7.25], "texture": "#0"},
				"east": {"uv": [7, 5.5, 7.25, 5.75], "texture": "#0"},
				"south": {"uv": [6, 7, 6.25, 7.25], "texture": "#0"},
				"west": {"uv": [7, 6, 7.25, 6.25], "texture": "#0"},
				"up": {"uv": [6.75, 7.25, 6.5, 7], "texture": "#0"},
				"down": {"uv": [7.25, 6.5, 7, 6.75], "texture": "#0"}
			}
		},
		{
			"from": [4.39573, 1, 7.09218],
			"to": [4.89573, 1.25, 7.59218],
			"rotation": {"angle": -22.5, "axis": "y", "origin": [8.0769, 1.00205, 6.12906]},
			"faces": {
				"north": {"uv": [7, 7, 7.25, 7.25], "texture": "#0"},
				"east": {"uv": [0, 7.5, 0.25, 7.75], "texture": "#0"},
				"south": {"uv": [7.5, 0, 7.75, 0.25], "texture": "#0"},
				"west": {"uv": [0.5, 7.5, 0.75, 7.75], "texture": "#0"},
				"up": {"uv": [7.75, 0.75, 7.5, 0.5], "texture": "#0"},
				"down": {"uv": [1.25, 7.5, 1, 7.75], "texture": "#0"}
			}
		},
		{
			"from": [3.64573, 1, 7.09218],
			"to": [4.14573, 1.25, 7.59218],
			"rotation": {"angle": -22.5, "axis": "y", "origin": [8.0769, 1.00205, 6.12906]},
			"faces": {
				"north": {"uv": [7.5, 1, 7.75, 1.25], "texture": "#0"},
				"east": {"uv": [1.5, 7.5, 1.75, 7.75], "texture": "#0"},
				"south": {"uv": [7.5, 1.5, 7.75, 1.75], "texture": "#0"},
				"west": {"uv": [2, 7.5, 2.25, 7.75], "texture": "#0"},
				"up": {"uv": [7.75, 2.25, 7.5, 2], "texture": "#0"},
				"down": {"uv": [2.75, 7.5, 2.5, 7.75], "texture": "#0"}
			}
		},
		{
			"from": [5.14573, 1, 7.09218],
			"to": [5.64573, 1.25, 7.59218],
			"rotation": {"angle": -22.5, "axis": "y", "origin": [8.0769, 1.00205, 6.12906]},
			"faces": {
				"north": {"uv": [7.5, 2.5, 7.75, 2.75], "texture": "#0"},
				"east": {"uv": [3, 7.5, 3.25, 7.75], "texture": "#0"},
				"south": {"uv": [7.5, 3, 7.75, 3.25], "texture": "#0"},
				"west": {"uv": [3.5, 7.5, 3.75, 7.75], "texture": "#0"},
				"up": {"uv": [7.75, 3.75, 7.5, 3.5], "texture": "#0"},
				"down": {"uv": [4.25, 7.5, 4, 7.75], "texture": "#0"}
			}
		},
		{
			"from": [5.89573, 1, 7.09218],
			"to": [6.39573, 1.25, 7.59218],
			"rotation": {"angle": -22.5, "axis": "y", "origin": [8.0769, 1.00205, 6.12906]},
			"faces": {
				"north": {"uv": [7.5, 4, 7.75, 4.25], "texture": "#0"},
				"east": {"uv": [4.5, 7.5, 4.75, 7.75], "texture": "#0"},
				"south": {"uv": [7.5, 4.5, 7.75, 4.75], "texture": "#0"},
				"west": {"uv": [5, 7.5, 5.25, 7.75], "texture": "#0"},
				"up": {"uv": [7.75, 5.25, 7.5, 5], "texture": "#0"},
				"down": {"uv": [5.75, 7.5, 5.5, 7.75], "texture": "#0"}
			}
		},
		{
			"from": [6.64573, 1, 7.09218],
			"to": [7.14573, 1.25, 7.59218],
			"rotation": {"angle": -22.5, "axis": "y", "origin": [8.0769, 1.00205, 6.12906]},
			"faces": {
				"north": {"uv": [7.5, 5.5, 7.75, 5.75], "texture": "#0"},
				"east": {"uv": [6, 7.5, 6.25, 7.75], "texture": "#0"},
				"south": {"uv": [7.5, 6, 7.75, 6.25], "texture": "#0"},
				"west": {"uv": [6.5, 7.5, 6.75, 7.75], "texture": "#0"},
				"up": {"uv": [7.75, 6.75, 7.5, 6.5], "texture": "#0"},
				"down": {"uv": [7.25, 7.5, 7, 7.75], "texture": "#0"}
			}
		},
		{
			"from": [7.39573, 1, 7.09218],
			"to": [7.89573, 1.25, 7.59218],
			"rotation": {"angle": -22.5, "axis": "y", "origin": [8.0769, 1.00205, 6.12906]},
			"faces": {
				"north": {"uv": [7.5, 7, 7.75, 7.25], "texture": "#0"},
				"east": {"uv": [7.5, 7.5, 7.75, 7.75], "texture": "#0"},
				"south": {"uv": [0, 8, 0.25, 8.25], "texture": "#0"},
				"west": {"uv": [8, 0, 8.25, 0.25], "texture": "#0"},
				"up": {"uv": [0.75, 8.25, 0.5, 8], "texture": "#0"},
				"down": {"uv": [8.25, 0.5, 8, 0.75], "texture": "#0"}
			}
		},
		{
			"from": [8.14573, 1, 7.09218],
			"to": [8.64573, 1.25, 7.59218],
			"rotation": {"angle": -22.5, "axis": "y", "origin": [8.0769, 1.00205, 6.12906]},
			"faces": {
				"north": {"uv": [1, 8, 1.25, 8.25], "texture": "#0"},
				"east": {"uv": [8, 1, 8.25, 1.25], "texture": "#0"},
				"south": {"uv": [1.5, 8, 1.75, 8.25], "texture": "#0"},
				"west": {"uv": [8, 1.5, 8.25, 1.75], "texture": "#0"},
				"up": {"uv": [2.25, 8.25, 2, 8], "texture": "#0"},
				"down": {"uv": [8.25, 2, 8, 2.25], "texture": "#0"}
			}
		},
		{
			"from": [8.89573, 1, 7.09218],
			"to": [9.39573, 1.25, 7.59218],
			"rotation": {"angle": -22.5, "axis": "y", "origin": [8.0769, 1.00205, 6.12906]},
			"faces": {
				"north": {"uv": [2.5, 8, 2.75, 8.25], "texture": "#0"},
				"east": {"uv": [8, 2.5, 8.25, 2.75], "texture": "#0"},
				"south": {"uv": [3, 8, 3.25, 8.25], "texture": "#0"},
				"west": {"uv": [8, 3, 8.25, 3.25], "texture": "#0"},
				"up": {"uv": [3.75, 8.25, 3.5, 8], "texture": "#0"},
				"down": {"uv": [8.25, 3.5, 8, 3.75], "texture": "#0"}
			}
		},
		{
			"from": [9.64573, 1, 7.09218],
			"to": [10.14573, 1.25, 7.59218],
			"rotation": {"angle": -22.5, "axis": "y", "origin": [8.0769, 1.00205, 6.12906]},
			"faces": {
				"north": {"uv": [4, 8, 4.25, 8.25], "texture": "#0"},
				"east": {"uv": [8, 4, 8.25, 4.25], "texture": "#0"},
				"south": {"uv": [4.5, 8, 4.75, 8.25], "texture": "#0"},
				"west": {"uv": [8, 4.5, 8.25, 4.75], "texture": "#0"},
				"up": {"uv": [5.25, 8.25, 5, 8], "texture": "#0"},
				"down": {"uv": [8.25, 5, 8, 5.25], "texture": "#0"}
			}
		},
		{
			"from": [10.39573, 1, 7.09218],
			"to": [10.89573, 1.25, 7.59218],
			"rotation": {"angle": -22.5, "axis": "y", "origin": [8.0769, 1.00205, 6.12906]},
			"faces": {
				"north": {"uv": [5.5, 8, 5.75, 8.25], "texture": "#0"},
				"east": {"uv": [8, 5.5, 8.25, 5.75], "texture": "#0"},
				"south": {"uv": [6, 8, 6.25, 8.25], "texture": "#0"},
				"west": {"uv": [8, 6, 8.25, 6.25], "texture": "#0"},
				"up": {"uv": [6.75, 8.25, 6.5, 8], "texture": "#0"},
				"down": {"uv": [8.25, 6.5, 8, 6.75], "texture": "#0"}
			}
		},
		{
			"from": [11.14573, 1, 7.09218],
			"to": [11.64573, 1.25, 7.59218],
			"rotation": {"angle": -22.5, "axis": "y", "origin": [8.0769, 1.00205, 6.12906]},
			"faces": {
				"north": {"uv": [7, 8, 7.25, 8.25], "texture": "#0"},
				"east": {"uv": [8, 7, 8.25, 7.25], "texture": "#0"},
				"south": {"uv": [7.5, 8, 7.75, 8.25], "texture": "#0"},
				"west": {"uv": [8, 7.5, 8.25, 7.75], "texture": "#0"},
				"up": {"uv": [8.25, 8.25, 8, 8], "texture": "#0"},
				"down": {"uv": [0.25, 8.5, 0, 8.75], "texture": "#0"}
			}
		},
		{
			"from": [11.89573, 1, 7.09218],
			"to": [12.39573, 1.25, 7.59218],
			"rotation": {"angle": -22.5, "axis": "y", "origin": [8.0769, 1.00205, 6.12906]},
			"faces": {
				"north": {"uv": [8.5, 0, 8.75, 0.25], "texture": "#0"},
				"east": {"uv": [0.5, 8.5, 0.75, 8.75], "texture": "#0"},
				"south": {"uv": [8.5, 0.5, 8.75, 0.75], "texture": "#0"},
				"west": {"uv": [1, 8.5, 1.25, 8.75], "texture": "#0"},
				"up": {"uv": [8.75, 1.25, 8.5, 1], "texture": "#0"},
				"down": {"uv": [1.75, 8.5, 1.5, 8.75], "texture": "#0"}
			}
		},
		{
			"from": [12.64573, 1, 7.09218],
			"to": [13.14573, 1.25, 7.59218],
			"rotation": {"angle": -22.5, "axis": "y", "origin": [8.0769, 1.00205, 6.12906]},
			"faces": {
				"north": {"uv": [8.5, 1.5, 8.75, 1.75], "texture": "#0"},
				"east": {"uv": [2, 8.5, 2.25, 8.75], "texture": "#0"},
				"south": {"uv": [8.5, 2, 8.75, 2.25], "texture": "#0"},
				"west": {"uv": [2.5, 8.5, 2.75, 8.75], "texture": "#0"},
				"up": {"uv": [8.75, 2.75, 8.5, 2.5], "texture": "#0"},
				"down": {"uv": [3.25, 8.5, 3, 8.75], "texture": "#0"}
			}
		}
	],
	"display": {
		"ground": {
			"translation": [0, 3.5, 0]
		},
		"head": {
			"translation": [0, -29, -1.75],
			"scale": [1.75, 1.75, 1.75]
		}
	},
	"groups": [
		{
			"name": "monitor",
			"origin": [0, 0, 0],
			"color": 0,
			"children": [0, 1, 2, 3, 4, 5, 6]
		},
		{
			"name": "keyboa",
			"origin": [8, 8, 8],
			"color": 0,
			"children": [
				{
					"name": "keyboard",
					"origin": [-2, 0, 2],
					"color": 0,
					"children": [7, 8, 9, 10, 11, 12, 13, 14, 15, 16, 17, 18]
				},
				{
					"name": "layout",
					"origin": [5.5, 1.125, 9.5],
					"color": 0,
					"children": [
						{
							"name": "row",
							"origin": [5.5, 1.125, 9.5],
							"color": 0,
							"children": [19, 20, 21, 22, 23, 24, 25, 26, 27, 28]
						},
						{
							"name": "row",
							"origin": [5.5, 1.125, 9.5],
							"color": 0,
							"children": [29, 30, 31, 32, 33, 34, 35, 36, 37, 38, 39, 40, 41]
						},
						{
							"name": "row",
							"origin": [5.5, 1.125, 9.5],
							"color": 0,
							"children": [42, 43, 44, 45, 46, 47, 48, 49, 50, 51, 52, 53]
						},
						{
							"name": "row",
							"origin": [5.5, 1.125, 9.5],
							"color": 0,
							"children": [54, 55, 56, 57, 58, 59, 60, 61, 62, 63, 64, 65, 66, 67]
						}
					]
				}
			]
		}
	]
}